sale_id,product_id,quantity,unit_price,unit_cost,discount
1,4,1,18494.58,15693.14,0.15
1,11,1,37821.5,28683,0
1,84,3,4264.13,3120.48,0.15
2,76,1,3593.4,2695.02,0
3,15,1,8927.28,6965.5,0.15
4,32,1,30928.92,26574.53,0
5,118,1,1155.82,953.57,0.15
6,45,1,12232.13,9537.59,0.15
6,73,0,2646.41,1986.01,0
7,74,1,2982.88,2212.58,0
8,118,3,1172.12,899.54,0
9,120,2,1922.53,1449.59,0.1
10,88,2,8342.12,7243.33,0
10,99,1,4556.25,3983.62,0.2
11,29,1,32136.18,24740.41,0.05
11,44,1,32565.74,25972.81,0.2
12,17,1,6642.4,5475.66,0
12,30,1,43157.69,34305.47,0.2
13,100,4,3230.77,2605.08,0
13,101,3,1520.83,1182.1,0.15
13,103,3,649.11,537.62,0.05
14,23,1,24221.34,19417.99,0
14,75,3,3213.31,2381.56,0
14,94,2,1348.36,1141.72,0.25
15,88,2,8468.77,7328.93,0
16,57,1,11176.06,8075.21,0.1
16,61,1,6342.2,5146.89,0.15
16,88,2,8719.35,7292.21,0.2
16,101,1,1402.13,1123.11,0.1
17,4,1,18416.42,16090.73,0.15
17,20,1,17834.31,15478.8,0.15
17,52,2,8698.24,6804.41,0
18,25,1,25921.54,21946.77,0.15
19,24,1,23825.93,17951.82,0
19,42,1,39868.93,32496.02,NULL
19,72,2,1947.74,1609.09,0
19,95,4,813.96,592.8,0.05
20,19,1,14824.36,12615.26,0.15
20,38,2,24930.49,19042.48,0.1
20,40,2,45660.97,37279.9,0.05
20,106,1,256.81,194.32,0.05
21,81,1,5203.2,3877.97,0.1
22,42,1,40613.36,32258.89,0.1
22,96,2,940.11,709.57,0.1
23,10,1,28887.55,25510.84,0.1
23,64,1,8052.89,6081.55,0.15
23,66,-1,15429.49,12419.19,0.15
24,10,1,27721.21,23594.74,0
24,12,2,50713.53,37443.53,0.1
24,40,1,47374.77,36029.06,0.05
24,57,1,11398.17,8260.53,0.15
25,13,1,69784.26,48371.65,0.1
26,88,3,8641.76,6911.72,0.2
27,74,1,3018.4,2216.26,0.1
28,17,1,6899.35,5649.62,0.1
28,47,1,33981.19,27431.82,0.05
28,95,3,779.24,574.78,0.05
29,5,1,23528.38,17828.68,NULL
29,40,1,47150.41,35235.48,0.1
29,101,1,1423.76,1156.08,0.05
30,101,1,1491.01,1147.24,0.05
30,105,1,382.49,288.95,0.15
31,12,1,49878.28,38195.18,0.15
31,17,1,6672.6,5222.6,0.05
32,18,1,26959.26,21528.3,0
32,19,2,14838.88,12818.25,0
32,71,1,3586.32,2845.38,0
32,92,3,1913.01,1440,0.1
33,109,1,516.35,458.73,0
34,89,1,5413.73,4407.28,0.15
35,6,1,33418.31,26783.8,NULL
35,10,1,29425.33,24303.77,0.2
35,56,1,14957.41,11058.74,0.1
36,5,2,21941.29,18468.06,0
36,76,1,3535.81,2772.64,0
36,109,5,548.07,464.24,0.1
37,30,76,42218.08,37101.21,0.1
37,88,2,8770.17,7170.56,0
37,120,2,1876.79,1488.84,0.05
38,17,2,6693.85,5724.46,0.1
38,19,1,14398.57,11892.66,0
38,42,1,39648.75,34083.59,0
39,103,3,670.1,503.03,0
40,83,1,1339.42,1023.61,0
41,21,27,10799.22,7706.79,0.1
41,52,2,8680.9,6735.93,0.15
41,55,61,6990.42,5641.92,0.05
42,10,1,28813.86,23812.61,0
42,63,1,11392.83,8704.6,0.15
43,24,1,22540.76,16735.86,0.15
43,95,1,837.72,590.12,0
44,25,2,25188.31,21575.24,0
44,58,2,4666.73,3541.99,0.2
45,51,2,14897.27,12604.02,0.15
46,5,1,23570.41,18963.49,0.2
46,10,1,28584.49,24014.44,0.05
47,16,2,10395.65,8568.93,0.05
47,75,2,3180.75,2445.51,0.25
48,25,1,25170.97,20881.9,0.15
48,58,1,4576.6,3708.94,0.1
49,96,54,908.27,716.55,0.2
50,19,2,15159.67,11968.2,0
50,60,1,16082.44,12756.69,0.2
50,81,3,5043.95,3864.51,0
50,96,1,4687.56,683.99,0
51,19,2,15442.11,12914.08,0.1
51,75,1,3156.53,2452.15,0.2
51,108,2,1796.27,1511.24,0.1
52,47,0,32433.47,28068.37,0.2
52,117,3,977.23,683.29,NULL
52,120,1,1871.78,1577.48,1.5
53,4,2,19522.46,15675.66,0
53,59,2,10842.19,8585.85,0.15
53,64,1,7900.61,6318.77,0
53,84,1,3949.24,3169.82,0.15
54,39,1,41733.49,34368.04,0.05
54,54,1,17496.31,14473.53,0.15
54,100,1,3299.38,2792.68,0
55,84,3,3943.76,3179.16,0
56,18,1,26285.73,23428.29,0.1
56,30,1,45188.31,36241.99,0.05
57,42,1,40989.53,33159.15,0
57,73,1,2476.93,2003.4,0.25
57,101,2,1445.85,1130.11,0.05
58,11,2,37280.56,28257.21,0
58,23,1,4.01,20066.71,0.1
58,78,3,19058.49,15049.3,0
59,38,1,23236.6,19200.1,0.1
59,57,1,11373.61,8818.34,0
60,113,4,1584.6,1261.18,0.15
61,76,2,3409.08,12.78,0.1
61,95,1,822.6,595.32,0.2
62,17,1,6834.07,5695.53,0.2
62,51,1,14868.58,12676.87,0.05
63,17,2,7043.55,5496.53,0
63,47,2,34871.77,28537.87,0
63,119,1,1924.08,1600.72,0.15
64,89,3,5327.54,4289.43,0.05
64,99,3,4701.5,8.67,0
64,110,1,1335.41,1090.11,0.25
65,17,1,6787.36,5493.97,0
65,105,2,387.36,284.77,0.1
66,4,1,19279.69,15631.81,0.15
66,35,1,42036.89,32265.28,0
66,36,2,45365.39,39334.84,NULL
66,53,1,10545.58,7906.73,0.2
66,70,2,4139.7,3133.06,0.2
67,6,1,33579.27,29012.4,0.15
67,30,76,44558.68,37438.04,0.25
67,96,3,959.34,688.23,0.1
68,17,1,7047.1,5703.76,0.15
68,70,1,4087.69,3049.48,0.2
69,106,2,255.08,207.95,0.1
70,49,1,8328.48,7733.53,0.05
71,70,2,4162.21,3223.54,0.1
71,93,4,1530.33,1326.22,0.05
72,67,1,6101.73,4508.94,0
73,57,1,11280.47,8276.16,0.05
74,56,2,13723.67,11150.96,0.1
74,75,2,3240.72,2406.6,0.1
75,73,1,2577.36,1910.32,0
76,7,1,43000.58,35308.25,0.1
76,18,1,26744.81,22832.72,0
76,43,1,10833.57,8182.8,0.25
76,54,1,18166.14,14055.72,-0.05
77,58,-1,4466.5,3594.11,0
78,6,1,216369.53,28839.14,0.1
78,16,1,10604.66,8075.41,0.2
78,27,1,33950.46,30462.58,0.15
79,12,1,52328.88,39275.53,0.1
79,46,1,23711.41,18750.51,0
80,17,2,6690.54,5694.66,0.25
80,57,1,11094.95,8768.45,0.05
80,82,3,6290.92,5269.6,0.15
80,105,1,362.55,303.26,0.05
80,120,2,1770.02,1457.51,0.05
81,100,1,3337.57,2670.52,0.1
82,8,1,52519.47,47595.67,0.1
82,30,1,44472.17,35132.7,0
83,17,1,6481.25,5484.48,0.05
83,44,2,34390.08,25486.77,0.1
83,45,1,11918.53,10293.15,0
83,47,1,32729.32,27823.25,0
83,51,1,16191.59,13401.21,1.5
84,72,1,2050.03,1688.41,0.1
84,73,3,2573.7,1910.32,0.15
84,110,1,1343.23,1119.56,0.2
85,4,1,18678.59,15847.45,0
85,18,1,26390.46,21610.87,0.1
85,35,1,41548.85,30430.05,0.1
85,47,1,33011.04,12.2,0.05
86,101,2,1438.3,1133.66,0.05
87,77,1,3712.9,2933.19,0.05
88,51,2,15163.53,13546.39,0.05
88,95,3,841.36,617.95,0.2
88,96,1,927.15,725.45,0.1
89,19,1,15490.32,12404.1,0
89,44,1,32264.06,26724.57,0
89,70,-2,3913.91,3077.06,0.05
89,78,-3,18945.77,15348.23,0.1
89,83,1,1365.32,15.73,0
90,38,1,23738.83,18483.28,0.25
90,47,1,33415.21,27986.39,0.05
90,77,1,4019.82,19.15,0.1
91,5,1,22783.98,18162.81,0.05
91,18,1,24841.54,22931.92,0.25
91,55,1,6668.37,5352.96,0
92,5,1,22500.52,18685.73,0.2
92,20,2,17718.28,16000.93,0.05
93,17,1,6665.9,5626.69,0.15
93,39,2,40347.06,31931.14,0.05
93,107,1,1435.03,1301.4,0.05
93,115,5,1098.29,938.08,0
94,61,1,6396.91,4986.8,0.1
95,61,2,6018.41,4982.69,NULL
95,90,1,5380.03,4670.51,0
96,24,1,23832.46,16473.36,0.05
97,32,1,31970.1,26821.43,0.1
97,64,1,8415.1,6374.27,0.05
97,117,1,966.91,721.88,0.05
98,46,2,22431.69,18307.04,0.1
98,120,69,1797.77,1517.83,0.1
99,24,1,23965.03,16712.26,0
100,54,1,18289.81,15216.53,0.25
100,62,2,6764.2,5436.55,0.15
101,60,1,16014.96,13442.19,0.15
101,105,1,352.16,279.17,0.15
102,33,2,21715.9,16822.69,0
102,106,1,251.48,201.61,0.25
103,55,2,6596.87,5344.15,0.1
104,25,1,24347.89,21650.75,0.2
104,34,1,27464.66,22279.54,0.05
104,44,1,32647.19,27549.73,0.05
105,47,2,34522.72,28087.41,-0.1
105,101,1,1398.58,1087.42,NULL
105,120,3,1890.53,1456.65,0.1
106,50,2,14406.33,10936.67,0.2
107,10,2,28739.55,23192.4,0.05
108,57,1,11279.61,8538.03,0.2
109,5,1,22232.24,18699.77,0.1
110,18,1,25524.68,22352.71,0.25
110,35,1,38428.42,30066.57,0.15
110,43,1,10141.79,7614.45,0
110,81,1,5222.45,3874.5,0.25
110,85,2,12119.82,8553.86,0
111,88,2,8663.69,7144.21,0
111,101,3,1428.69,1089.6,0.15
112,72,1,1924.55,1690.58,0
112,75,1,3278.98,2434.81,0.05
112,92,1,1961.42,1525.27,0.05
112,101,1,1463.99,1106.81,0
113,99,1,4509.89,3795.24,0.25
113,114,0,3233.91,2654.94,0
114,11,1,36335.03,30722.55,0
114,57,-2,10806.92,8223.07,0.05
114,96,1,931.35,718.37,0
115,33,2,21097.02,17225.48,0.05
115,47,1,34941.76,28719.34,0.05
115,99,1,4699.53,4027.07,0
115,112,2,1042.08,782,0.25
116,17,1,6853.31,5438.56,0.1
116,75,1,3054.39,2333.25,0.05
116,107,1,1511.44,1293.87,0.1
117,30,1,206795.98,36873.82,0.15
118,64,1,8152.36,6140.11,0
118,99,2,4445.33,3771.68,0
119,34,1,27913.3,21671.09,0.15
119,57,1,10724.04,8504.61,0.1
120,1,37,8050.98,6407.89,0.15
120,7,1,42861.45,37629.68,0.05
120,39,1,40819.3,33875.12,0.15
120,57,1,10714.84,8577.86,0
121,15,1,8729,7430.22,0.15
121,32,2,30091.36,26272.82,0.05
121,43,2,10967.63,7471.87,0.05
121,101,4,1441.01,1165,0
122,45,2,12868.89,9463.02,0.15
122,57,1,10554.53,8396.7,0.1
122,73,3,2575.27,2.47,0.15
122,78,1,17817.93,15754.71,0
122,83,1,1379.54,1014.75,0
123,95,2,830.67,605.43,0
124,43,1,10347.42,7639.78,0
124,49,1,8780.36,7570.81,0.15
124,57,1,11379.76,8598.71,0.15
124,115,1,1112.51,927.14,0.05
125,26,1,54692.84,47611.77,0
125,54,1,18135.68,14644.64,0.05
125,75,1,3040.14,4048.55,0.1
125,102,1,753.16,623.01,0.1
125,106,2,247.75,201.16,0.05
126,84,1,4278.8,3188.23,1.5
127,34,1,28796.91,23601.7,0
128,17,1,6527.36,5466.29,0.05
128,32,56,31066.5,24858.86,0.05
128,58,1,4694.8,3415.52,0
128,101,2,1395.98,1190,0.05
129,4,1,18737.55,15569.35,0.15
129,60,1,15355.33,12473.5,0.25
129,69,1,1976.71,1496.02,0.1
130,17,1,7064.26,5330.08,0.15
130,58,2,4477.11,3612.82,0
130,92,1,1958.54,1415.18,0.15
130,119,1,1901.57,1611.01,0
131,58,1,4690.87,3723.77,0.05
132,1,2,7886.57,6254.9,0
132,35,2,40853.82,30464.07,0.15
132,74,2,20835.84,2330.31,0.05
132,119,1,1986.3,1523.32,0.05
133,10,1,27977.37,24937.46,0.05
133,29,1,31795.86,25306.85,NULL
134,10,2,27832.16,25098.89,0.2
135,95,4,817.57,618.62,0.1
136,11,1,37710.51,28675.53,0.1
136,43,1,10773.78,8087.86,0.1
136,116,1,2106.59,1688,0
137,18,1,26420.49,22265.76,0.05
137,99,2,4407.08,2.35,0
138,42,1,43627.05,31967.43,0.05
138,111,4,1285.08,941.84,0.15
139,10,1,28013.3,25288.36,0.1
139,19,1,14766.7,12909.22,0
140,30,1,42705.76,35914.81,0.05
140,60,1,15555.41,13087.88,0
140,116,2,2047.02,1645.23,0.1
141,49,-2,8653.18,7398.98,0
141,63,1,10987.22,8735.6,0
142,8,2,54277.36,45278.58,0
142,96,2,986.6,745.66,0.25
142,101,4,1462.36,1139.31,0
142,120,5,1932.97,1564.18,0.25
143,30,1,44934.19,36130.69,0.1
143,64,1,8563.16,6496.87,0.1
144,120,1,1859.78,1556.13,0.15
145,109,5,535.2,448.46,0.25
146,58,1,4515.72,3537.04,0
146,120,2,1773.25,1492.12,0.15
147,21,2,11242.54,7973.89,0
147,30,1,43309.76,36524.13,0.15
147,74,1,3051.37,2254.36,-0.1
147,76,1,3450.66,2907.55,0.05
148,28,1,23646.4,18472.73,0
148,73,1,2511.64,17.09,0.15
149,5,1,22597.43,17527.34,0
149,48,1,31533.2,22973.33,0.1
150,46,1,22447.08,18411.46,0.15
150,111,43,1299.82,986.79,0.05
150,120,3,1774.78,1478.39,0.2
151,65,1,9841.9,7047.59,0.1
151,114,1,3212.07,2637.15,0.15
152,30,1,45315.3,37699.19,0
152,43,1,6.12,8165.69,0.2
152,75,1,3234.01,2507.94,0.1
153,6,1,35050.86,28034.48,0.05
153,23,1,23387.04,20279.73,0.1
153,34,1,26875.44,21724.13,NULL
153,105,3,378.54,302.27,0
153,114,5,3345.83,2667.34,0.2
154,47,1,34508.12,29814.95,0
154,54,1,18368.85,13967.42,0.2
154,94,2,1259.62,1122.33,0
155,26,1,57506.24,45422.31,0
156,47,1,34096.19,37823.35,0.2
156,57,1,11446.84,8191.02,0.1
156,99,2,4712.11,6428.41,0
156,101,1,1432.37,1159.59,0
156,113,1,1506.72,1283.44,0.1
157,1,1,8165.04,6317.05,0.05
157,17,1,7049.25,5500.36,0.1
157,92,1,2051.98,1467.92,0.25
158,29,2,31096.77,26763.92,NULL
158,37,1,44167.75,34151.51,0.15
159,76,2,3430.67,2833.06,0.15
160,37,59,41765.8,32569.94,0.2
160,40,1,46172.58,35648.82,0.25
160,47,2,32309.34,28585.91,0
160,84,2,4201.16,3160.95,0.05
161,12,1,50502.08,38902,0.25
161,67,1,5667.09,4397.74,0.15
161,76,1,3378.93,2725.74,0.15
162,7,1,43927.77,36723.44,0.15
162,32,1,30126.51,24704.86,0
162,70,1,4077.6,3100.15,1.1
163,44,1,33858.94,28068.29,0.15
163,101,2,1417.93,1121.57,0.15
163,112,2,1114.99,832.1,0.2
164,33,1,20273.16,18109.97,0.25
164,99,3,4623.24,3998.5,0.15
164,103,1,615.24,528.88,0.05
165,88,2,8267.05,7348,0.2
166,45,1,12542,9600.85,0.05
166,57,1,10517.99,8072.01,0.15
167,5,1,22205.93,17931.87,0.15
167,101,4,1419.16,1100.41,0.05
168,29,1,33758.18,25084.38,0.25
168,83,1,1311.49,1036.12,0.1
168,100,2,3203.45,2731.94,0.2
169,24,1,23314.94,16917.57,0.1
170,17,33,6863.16,5633.89,0.2
170,46,1,23067.94,18781.27,0.05
170,105,2,352.18,303.07,0.15
171,30,2,42960.38,36049.75,0
171,64,1,8159.86,6560.21,0
171,73,2,2519.86,1996.24,0
171,101,1,1502.38,1102.59,0.05
172,40,1,47669.57,37938.66,0.05
172,47,1,32896.75,28655.74,0.05
172,73,1,2646.75,1957.42,0.15
172,88,2,8181.46,7360.59,NULL
173,113,2,1496.35,1228.65,0.1
174,24,1,22299.68,17326.32,0.05
174,47,2,33281.3,28397.64,0
174,73,1,2636.03,1895.32,NULL
174,88,1,8605.97,6830.72,0
175,119,1,1994.49,1611.11,0.05
176,42,0,43311.2,32683.81,0.25
176,47,1,34210.4,27599.28,-0.1
176,83,1,1328.43,999.26,0.05
176,88,1,8845.63,6812.12,0
177,70,1,3972.88,3100.31,0
178,114,1,3064.98,2848.61,0
179,32,1,30931.51,25341.93,0
179,70,1,3968.74,3225.07,0.25
179,73,1,2578.06,1936.98,0.1
179,75,2,3237.38,2360.17,0.1
180,70,3,4057.27,3136.8,0.2
181,16,2,10878.91,8538.32,0.15
181,19,2,15427.87,12915.32,0
182,67,1,5967.48,4463.99,0
182,78,1,18258.04,14648.47,0.25
182,82,2,6778.08,5435.73,0
183,46,1,22773.11,19673.52,-0.05
183,101,4,1515.56,1188.66,0
184,4,1,19903.64,15793.01,0.2
184,14,1,78758.83,66557.87,0.15
184,49,74,9174.55,7673.16,0
185,4,1,19936.17,17049.92,0
185,67,1,5849.59,4619.15,0
185,72,1,2083.15,1684.1,0.2
186,4,1,18387.72,16.93,0
186,88,1,8245.09,6807.07,0
187,10,1,28408.84,23352.39,0.15
188,70,2,3880.94,3105.8,0
189,114,4,3087,2692.64,0.15
190,24,1,23564.98,17518.64,0.1
190,62,1,6773.29,5579.34,0.2
190,72,1,2105.66,1719.56,0.05
190,101,3,1486.1,1175.08,0.15
190,112,2,1072.36,806.92,0
191,76,1,3520.38,2657.71,0.15
191,95,1,780.38,618.44,0.05
191,108,2,1870.56,1471.31,0.1
192,75,1,3017.91,2486.18,0.15
192,113,1,1632.4,1318.67,0.05
193,5,1,23564.82,18131.1,0
193,36,1,45922.38,37881.35,0.2
194,16,1,10377.64,8425.6,0
194,31,1,36709.91,30395.23,0
194,47,1,34077.71,29518.64,0.2
194,75,2,3091.72,2381.29,0.1
194,92,-3,1981.67,1424.74,0
195,38,1,24855.96,19235.17,0.1
196,42,2,41324.11,32794.83,0.05
196,43,1,10126.42,7573.09,0.2
196,60,2,15877.63,12409.64,0.15
197,42,2,42233.52,33081.88,0
197,57,1,10684.21,8353.79,0.1
197,113,2,1620.35,1218.37,0
198,77,1,3738.82,3107.11,0.1
198,101,1,1507.92,1131.84,0.1
198,103,3,671.57,513.23,0.15
199,24,1,22167.42,17496.8,0
200,2,1,10223.19,8992.88,0
200,17,1,6504.38,5650.65,0.1
200,21,1,11096.23,7675.16,0
200,84,3,4052.4,3043.79,0
201,16,1,10287.66,8451.05,0
201,28,1,24373.11,18131.91,0.25
201,42,1,41535.15,34862.37,0
201,58,1,4606.04,3628.79,0.1
201,70,1,4106.65,3184.84,0.05
202,61,1,6044.82,4917.89,0.1
202,81,1,5082.59,3962.49,0.2
202,82,2,6508.12,5348.12,0.1
203,17,1,7100.07,5470.29,0.1
203,42,2,40138.66,32786.6,0
203,70,1,3939.65,3256.68,0.05
204,5,1,23558.5,18186.63,NULL
204,11,2,35951.99,29298.43,0.15
204,47,1,32692.46,29647.99,0.1
204,57,1,11393.09,8525.59,0.1
204,96,3,901.03,698.28,0.1
205,55,1,6958.55,5317.36,0
205,101,1,1439.76,1766.9,0.15
206,103,4,631.69,506.73,0.05
207,11,26,38558.72,29454.25,0
207,45,1,11894.14,9778.31,0.2
207,99,1,4338.44,3776.75,0.1
208,11,2,36832.69,27969.81,0.05
208,75,3,3207.49,2359.22,0.1
208,118,1,1215.04,17.97,0.05
209,28,1,25426.88,18827.32,0.05
209,39,1,38390.46,31693.43,0.05
210,52,1,8579.71,6638.55,0
210,75,1,3052.55,2498.84,0
210,85,1,12330.87,8990.37,0.1
211,11,1,36046.15,30727.4,0.15
211,63,1,10940.66,8572.91,0.1
211,65,1,9786.21,7502.11,NULL
211,92,3,1969.32,12.31,0.1
211,99,3,4711.04,3933.61,0.15
212,70,1,3889.18,3249.7,0.05
212,88,2,8171.23,7470.95,0.1
212,89,2,5241.65,4648.47,0
212,107,47,1461.01,1347.03,0.2
212,109,1,538.56,442.43,0.05
213,30,1,45121.27,37123.22,0.05
214,109,2,521.96,428.78,0
215,12,1,48613.4,37241.13,NULL
215,45,1,12724.28,9666.08,0.2
215,81,1,5066.13,3954.2,0.1
215,100,2,3378.78,2700.32,0.05
216,24,1,22987.03,17601.24,0.15
216,27,1,35323.37,30384.4,0
216,32,1,31243.88,26431.15,0
216,81,2,5311.66,3860.55,0.15
217,81,1,5379.58,4019.03,0.05
218,6,1,33807.02,27801.24,0.05
218,7,2,42845.4,35832.6,0
218,30,2,41365.67,35605.77,0.2
218,64,2,8368.81,6665.19,0.15
218,106,1,244.66,197.21,0.2
219,11,2,35735.91,45206.89,0.2
219,15,2,8901.24,7407.5,0
219,65,1,9187.97,7099.31,0.15
219,120,1,1877.99,1532.81,0.05
220,5,1,24024.36,17378.38,0.1
220,17,2,6658.39,5392.49,NULL
220,43,1,10285.95,7678.47,0
221,73,2,2657.89,1900.06,0.1
221,90,2,5763.08,4648.01,0.2
221,92,1,1953.76,1459.95,0.15
222,66,1,16004.74,12567.34,0.15
222,67,2,5817.64,4289.08,0.15
223,45,1,12450.41,9981.12,0.1
224,41,2,24445.86,18447.65,0.25
224,112,2,1069.22,785.1,0
225,68,1,5109.65,3870.79,0.1
225,75,1,3067.5,2375.36,1.25
225,84,1,4151.15,2955.74,0.2
225,99,2,4637.91,3663.32,0.1
226,80,2,13225.33,9438.55,0.1
227,19,1,15018.37,12088.13,0.15
227,33,1,21784.54,17617.92,1.1
228,51,2,16145.64,12462.53,0
228,77,1,3910.45,3158.17,0.15
229,71,3,3470.95,2726.54,0.15
229,81,3,5422.15,3976.59,NULL
230,19,1,14883.62,12303.94,0
230,33,63,21006.4,17202.65,0.2
230,46,1,23376.59,19318.84,0.05
230,57,2,10568.1,8161.39,0.1
230,64,1,8494.94,6310.34,0
231,107,3,1458.24,1234.61,0
232,104,1,297.68,250.18,0.15
232,107,1,1517.17,1261.88,0.15
233,6,1,35835.5,9.12,0.15
233,108,1,1804.04,1488.6,0.05
233,120,2,1868.25,1496.12,0.25
234,11,2,37177.25,30572.15,0.2
234,119,5,1892.11,1556.87,0
235,11,1,37231.67,28367.68,0
235,45,1,12329.09,9755.66,0
236,15,1,9071.42,7089.29,0.25
236,21,2,10934.21,8451.39,0.25
237,50,1,13966.87,10802.42,0.15
238,40,1,46695.94,35522.05,0
239,17,1,6855.64,5725.06,0
239,30,1,43889.88,36747.18,0.15
239,42,1,43445.71,32746.28,0.05
240,19,1,14990.04,11909.62,0.1
240,105,1,360.06,295.28,0.05
241,18,1,26979.16,22669.2,0.05
241,57,1,11301.51,8163.31,-0.1
241,66,1,15540.57,12442.14,0.15
241,73,1,2560.96,2029.99,0.15
241,99,1,4499.25,3937.56,0.05
242,64,1,8017.57,6640.53,0.2
242,76,1,3574.69,2720.55,0.1
243,101,1,1428.94,1180.62,0
243,107,2,1440.78,1298.57,0.05
243,120,2,1807.08,1506.56,0.15
244,43,1,10946.77,7798.45,0.15
244,101,1,1530.61,1169.53,0.05
244,103,1,617.16,522.66,0
245,114,1,3164.6,2879.27,0.1
246,57,1,11423.99,8032.77,0.1
246,66,1,14933.31,11960.43,0.1
246,74,1,5.57,2361.84,0.1
247,24,1,23982.01,18028.38,0
248,24,1,23970.69,16439.2,0
248,34,1,28785.21,21934.2,NULL
248,101,1,1447.05,1108.56,0.15
248,112,2,1116.06,820.65,0.15
248,119,3,1961.82,1514.77,0
249,77,1,3861.57,3120.44,0
250,30,2,44857.87,36878.68,0.15
250,105,1,361.64,290.27,0
251,73,2,2559.49,1999.07,-0.1
252,15,2,8407.84,7002.6,0.05
252,42,1,41295.78,32076.48,0
252,52,1,8649.22,6893.19,0
252,55,1,7053.39,5590.66,0.15
252,111,1,1198.82,944.04,0.05
253,49,1,8684.36,7364.78,0.05
253,70,3,4150.72,3295.36,0
253,120,1,1807.65,1451.5,0
254,41,2,23646.53,17896,0.1
254,57,1,11354.89,8442.3,0
254,72,1,1970.56,1650.49,0.1
255,49,2,8581.33,7443.25,0
256,5,1,23696.12,18633.44,0
256,8,2,53264.96,44859.84,0.05
256,30,1,44592.81,34649.39,0.05
256,51,1,15598.82,13061.26,0
257,17,1,6632.96,5695.55,0.1
257,88,2,8420.4,7066.35,0
258,5,2,23483.54,17623.1,0.1
258,11,1,36599.65,30043.71,0
258,45,1,12258.58,9860.62,0
258,112,26,1048.91,819.58,0.1
259,32,1,31757.17,24543.71,0.15
259,112,2,1063.47,799.39,0.1
260,114,0,3126.11,2708.72,0.15
261,33,1,20975.17,17097.57,0.25
262,4,1,19481.07,16683.74,0.1
262,84,3,4303.37,3028.85,NULL
263,12,2,49378.69,36840.14,0.2
263,41,1,23591.56,18076.09,0.05
263,50,1,14590.24,10459.13,NULL
264,112,1,1072.38,838.3,0
265,19,1,15629.24,11814.34,0.15
265,21,1,10753.44,7801.75,0.1
265,69,1,1943.97,1442.02,0.05
265,118,3,1252.32,895.73,0.1
266,100,1,3207.97,2810.74,0
266,109,3,515.44,433.59,0
267,47,1,33228.1,28631.69,0.1
267,76,3,3529.38,2811.19,0.2
267,107,1,1539.49,1337.52,0
268,24,1,23919.36,17771.08,0.15
268,41,1,23975.4,18737.24,0.15
269,34,1,28639.44,22566.88,0.05
269,60,1,15224.71,12492.63,0
270,17,1,6481.2,5482.06,0.1
270,21,2,10337.31,7931.17,0.05
270,63,2,11464.14,8892.86,0.15
271,64,1,8595.49,6661.71,0.2
272,46,1,21735.4,19002.18,0
273,15,-3,8847.87,6990.11,0.1
273,65,1,9836.24,7194.3,0
273,98,4,344.53,259.23,0
273,101,1,1422.38,1108.11,0
274,15,1,8446.22,7410.16,0.25
274,22,1,35003.49,31161.13,0.05
274,60,2,15731.14,12349.49,0.25
274,64,1,8305.4,6083,0
274,75,1,2988.69,2446.46,0.2
275,52,65,8709.44,6767.3,0.1
275,81,1,5027.05,3982.49,0.1
276,43,2,10491.18,8017.73,0.15
277,42,1,40330.15,32050.98,0
277,43,0,10017.1,7562.3,0.05
277,54,2,17433.27,14812.03,NULL
278,28,1,24831.27,18709.17,0.05
278,101,1,1465.33,1103.45,0.15
279,52,1,8709.82,7036.84,0.2
280,17,2,6511.23,5663.77,0.1
281,6,1,35651.15,28382.76,0.25
281,54,1,17677.21,13886.22,0.15
281,60,1,16083.92,12482.67,0
282,11,1,38317.3,29626.13,0.2
282,17,1,6779.34,5460.74,0.1
282,47,1,33686.93,27818.7,0
283,47,2,35233.73,28172.61,0.15
284,44,1,32799.13,26983.46,0.05
284,72,1,2096.45,1648.64,0
285,75,1,3282.22,2527.91,0
285,77,1,3795.03,3033.17,NULL
286,7,2,45708.96,36751.09,0.1
286,101,1,1457.34,1115.29,0
287,29,1,31415.95,24795.22,0.15
288,116,1,2128.42,1611.21,0.2
289,45,1,12611.97,9635.78,0.15
289,73,2,2512.59,2011.23,0.15
289,110,3,1378.25,1114.53,0.05
289,113,3,1636.68,1270.55,0.1
290,61,2,6123.78,4842.18,0.05
291,30,1,43765.76,34673,0.05
291,44,0,33655.11,25754.21,0.05
291,110,2,1332.32,1122.41,0.05
292,7,1,42139.44,37841.74,0.25
292,32,2,32224.12,26667.21,0.05
293,88,1,8624.51,6919.05,0.1
294,99,1,4766.55,4029.12,0.15
294,113,1,1594.01,1314.71,0.25
295,5,1,23678.57,17847.55,0
295,70,3,4158.64,3191.79,0
295,75,2,3244.32,2372.52,0
296,20,1,17709.08,15239.87,0
296,38,1,23384.97,18162.34,0.05
296,47,1,33542.32,28533.87,0.05
296,63,1,11257.57,8896.3,0.2
297,21,1,11098.19,8451.98,0.2
297,29,2,33379.36,24675.78,0.05
297,70,3,4172.92,3153.9,0
297,76,1,3520.1,2743.08,0.15
298,7,1,44584.47,36103.43,1.25
298,8,1,55528.18,44802.56,0.05
299,4,1,18818.44,15993.93,0.1
299,38,1,24391.14,17914.35,0
299,95,1,834.07,592.09,0.25
300,32,1,32445.28,24746.77,0
300,83,3,1300.79,1016.35,0.05
301,47,2,32845.93,28246.92,0
301,101,1,1456.19,1160.95,0.15
302,15,1,8320.69,7287.31,0.15
302,41,1,23285.16,18281.2,0.05
302,51,1,15784.07,13468.14,0.05
302,112,4,1082.75,846.85,0
303,46,1,22988.05,18640.35,0
304,64,2,7956.43,6451.24,NULL
305,19,1,14695.61,12255.43,0.05
305,33,1,21681.06,16837.6,0
306,6,1,33328.27,28762.75,NULL
307,24,1,22727.01,17649.98,0
308,107,1,1465.72,1240.54,0
308,108,1,1747.28,1412.58,0
309,77,2,3752.93,2925.75,0.15
309,101,1,1421.97,1144.08,0
310,32,1,29975.32,26496.02,0.1
310,43,1,10485,7635.62,0.25
310,77,3,3684,3134.5,0.15
310,88,1,8754.74,6993.26,0.25
311,34,1,29172.52,23721.87,0.1
311,53,2,10719.15,8536.43,0
311,73,3,2512.98,1950.48,0.1
311,105,1,377.1,287.79,0.05
312,64,2,34776.87,6492.23,0
312,101,3,1453.43,1116.85,0
313,107,1,1442.3,1317.13,0
313,120,3,1772.85,1454.84,0
314,15,1,8704.53,6848.76,1.5
314,105,1,366,290.21,0.25
315,40,1,46278.41,38376.07,0.1
315,68,1,5.51,3715.11,0.15
315,77,2,3873.74,4650.02,0.05
316,29,1,32524.84,26694.53,0.1
316,81,2,5317.77,3945.5,0
317,10,2,29201.67,24702.77,0
317,17,1,6933.21,5488.61,0.05
317,70,1,4175.13,3290.57,0.2
318,40,1,46293.94,37954.49,0
318,52,1,8938.41,6511.57,0
319,47,1,35373.69,29472.83,0.1
319,73,2,2704.58,1978.21,0
320,8,1,53202.02,45922.46,0.1
320,117,4,966.94,713.12,0.1
321,11,-1,38788.04,30029.64,0.05
321,14,2,83016.22,64797.18,0.05
322,18,2,26366.82,21967.5,0.15
322,35,2,41643.53,30553.67,0
322,58,1,4327.59,3618.41,0
322,81,1,4912.72,4078.26,0.1
322,84,2,4111.32,3116.53,0.1
323,4,1,18531.43,16568.26,NULL
323,68,1,5148.83,3803.49,0.05
323,73,1,2470.09,1902.92,0.1
323,88,3,8382.67,7134.43,0.2
324,75,1,3184.54,2485.37,0.05
325,1,2,7590.7,6175.7,0.1
325,17,1,6539.06,5601.86,0.2
325,88,2,8594.07,7060.56,-0.05
325,94,1,1357.53,1172.98,0
326,12,1,51889.13,39219.32,0
326,58,1,4329.75,3628.18,0.1
326,64,1,8319.92,6651.67,0.05
327,15,1,8566.03,7040.5,0.2
327,23,2,22816.41,18977.66,0.1
327,50,1,13770.67,11122.01,0.05
327,120,4,1824.93,1500.98,0.05
328,17,2,6689.8,5422.44,0.05
328,39,1,39814.85,34136.47,0.15
328,77,2,3759.6,3007.33,0
328,78,2,17772.23,15986.44,1.25
329,88,2,8738.67,7336.59,0
330,5,1,22758.73,18171.69,0.05
331,72,1,2001.79,1641.3,NULL
331,102,4,753.83,633.09,0
332,54,1,17031.99,14141.42,0
332,66,1,16099.03,12275.35,0
333,29,1,32852.02,26568.56,0
333,62,1,6618.93,5589.59,0.05
333,66,1,14875.24,12313.88,0.15
334,38,1,23801.74,17898.71,0.2
335,99,2,4779.52,3959.4,0.15
336,24,1,22902.27,17791.26,0.15
336,43,1,10306.09,13954.34,0.1
336,53,1,10246.46,8469.7,0.05
336,74,1,2867.46,2310.8,0.2
337,40,2,47700.38,36611.37,0
337,46,2,23881.95,18091.87,0.05
337,77,-3,4003.57,2990.65,0.1
337,82,1,6501.4,5431.44,0.05
337,89,1,5583.6,4399.07,0.05
338,20,1,17496.39,15593.68,0.05
338,57,2,10887.74,8830.75,0.05
338,75,1,3077.36,2333.11,0.2
339,47,1,32865.69,28934.29,0.1
340,50,1,13568.96,10290.18,0.15
340,75,3,3193.83,2483.52,0.1
341,115,1,1070.59,975.24,0.05
342,17,1,6938.32,5622.22,0.05
342,41,1,24332.6,19561.91,0.2
342,46,1,21966.28,18257.92,0.1
342,66,1,15261.74,11903.6,0
342,70,1,4132.13,3252.28,0
343,99,2,4413.24,3989.88,0
344,46,1,23030.38,19648.27,0
344,64,1,7963.02,6147.59,0
344,109,1,525.33,437.23,0.05
345,113,3,1533.05,1254.95,0.1
346,12,2,52110.45,36376,0
346,54,45,18415.41,15220.81,0
346,101,2,1500.48,1116.69,0.15
347,105,1,352.54,289.64,0.15
347,119,1,1974.4,1594.53,0.05
348,58,1,4389.72,3417.36,0.15
348,66,2,16074.15,11516.11,0
348,77,77,3859.59,3198.97,0
348,113,5,1646.55,1228.28,0
349,17,1,7015.66,5473.03,0.05
349,50,1,13578.06,10767.1,0.1
350,109,1,532.65,437.47,0
351,50,1,14050.3,11086.39,0.15
352,42,65,42492.52,33255.45,0.25
352,64,1,8035.03,6183.81,0.1
352,67,1,5883.17,4550.66,0.1
352,97,2,703.35,552.94,0.1
352,101,3,1404.9,1153.58,0.1
353,10,1,27810.32,24140.83,0.05
353,24,1,156397.14,16459.51,0.1
353,64,1,7979.94,6643.8,0.1
353,70,1,4140.33,3074.4,0
354,8,2,56995.33,46924.17,0
354,24,1,22499.57,16635.47,0.1
354,45,1,12484.8,9750.27,0.05
355,10,2,30096.63,25008.73,0.1
355,11,2,35989.94,29100.17,0
355,57,1,10940.76,8514.62,0.1
356,7,1,45535.58,35142.96,0.2
356,15,1,8856.93,7229.89,0.1
356,24,1,24072.12,16979.7,0
357,12,1,47892.98,37000.46,0
358,17,1,6559.09,5258.3,0.2
358,30,1,41987.83,35276.11,0
358,43,1,10527.92,7785.68,0.1
358,58,1,4333.33,3697.44,0.05
358,120,2,7497.98,1531.9,0.05
359,47,1,33550.39,27928.82,0
359,57,1,11265.13,8514.65,0.05
360,70,1,3833.76,3130.12,0
360,115,3,1133.31,950.96,0.05
361,15,1,8950.47,7477.01,0.1
361,24,1,22756.41,17851.44,NULL
361,96,-1,920.54,735.77,0
362,42,1,41540.21,33492.46,0.25
363,30,2,44166.61,36516.85,0.15
364,29,1,31998.69,25970.79,0.15
364,46,1,21751.65,18622.24,0.15
364,47,1,34191.56,30084.73,0.1
364,120,4,1792.04,1471.16,0.15
365,105,1,367.72,281.85,0.1
366,18,1,26113.81,21869.06,0.1
366,47,48,34970.35,28193.87,0
366,64,1,8233.81,6670.54,0.05
367,17,2,6491.89,5653.11,0.2
367,19,2,15039.36,12290.33,0.25
368,26,1,59229.43,49869.47,0.05
368,42,1,40323.71,5.99,0.05
369,65,1,9878.5,7120.5,0.1
369,68,1,5042.35,3709.12,0.05
370,26,1,57298.96,45847.19,0.05
370,88,2,8837.61,7182.64,0.1
371,31,1,36628.2,29649.95,0.15
371,64,1,8312.29,6282.53,0
371,81,2,5028.52,4125.23,0.05
372,47,1,32363.85,27787.38,0.1
373,4,1,19713.79,16.21,0.1
373,34,1,28555.11,23067.74,0.15
373,57,2,10539.08,8823.05,0
374,14,1,79973.6,70794.48,0.1
374,54,1,17949.59,15140.01,0.1
375,24,1,24060.42,17987.97,0.2
375,108,1,1891.85,1412.24,0.2
376,49,1,8322.95,7298.54,0.05
376,70,2,4143.05,3190.52,0
376,88,2,8578.13,7029.72,0.1
376,99,1,4392.5,4012.59,0
376,110,1,1417.01,1122.81,0.1
377,12,1,52463.85,36471.38,0
377,13,1,66697.32,48454.9,0.05
377,22,2,37780.63,30746.15,0
378,75,2,3228.89,2529.17,NULL
378,77,1,3769.36,3138.84,0
379,107,2,1500.07,1271.29,0.1
380,76,3,3324.97,2862.25,0.25
380,78,2,17649.08,16085.56,0
381,7,1,41995.8,37743.16,0
381,29,2,33955.75,25018.89,0.1
381,106,4,248.38,209.84,0
382,77,1,3847.09,3104.03,0.15
383,39,1,38523.63,32408.87,0.2
383,47,1,32372.19,29118.18,0.15
383,89,1,5648,4230.52,0.25
384,80,2,12347.06,9539.1,0.15
384,92,1,1959.01,1489.04,0
384,117,2,964.66,714.8,0
385,57,1,10449.93,8854.14,0.05
386,29,2,32125.9,26935.18,0.05
386,74,1,3105.67,2283.98,0
386,88,1,8336.16,7514.31,0.15
387,89,4,5291.44,4433.25,0.15
388,24,2,23329.47,17823.47,0.05
389,10,-1,29733.96,23704.02,0.15
389,41,1,4.43,19242.56,0
389,55,2,6560.05,5723.71,NULL
390,89,4,35310.75,4612.44,0.1
390,103,1,648.76,522.4,0.1
391,40,1,46908.38,38094.97,0
391,57,1,11424.83,8383.24,0.15
391,74,3,3024.4,2405.54,0
392,40,1,45113.04,35938.87,0.2
392,114,3,3148.17,2825.08,0.15
393,39,1,40087.97,32767.23,0.15
393,103,3,663.72,542.27,0.1
394,9,1,53198.81,43126.98,0
394,22,1,36582.09,30226.43,0.15
394,30,1,41645.42,34480.98,0.05
394,105,3,380.59,285.71,0.05
395,52,1,9006.61,6711.83,0.05
395,57,1,10985.26,8734.51,0
395,70,3,3936.6,3206.83,0.1
395,84,3,4215.14,3121.4,0.15
396,17,1,6825.63,5244.41,0.1
396,87,1,31794.53,25677.45,0.25
396,106,1,256.65,203.73,0.2
397,30,1,44207.29,37363.61,0.05
397,32,2,32155.88,25400.72,1.5
398,4,1,19525.24,16035.39,0.05
398,18,1,25779.58,22087.91,0.25
399,42,1,42791.24,34503.45,0.05
400,106,2,255.93,202.37,0.1
401,11,1,37616.2,27933.24,0.05
401,18,1,27126.44,23024.27,0.05
401,30,1,44191.9,34209.87,0.15
401,76,1,3583.12,2658.53,0
401,120,1,1885.47,1554.42,0.15
402,89,2,5736.12,4582.43,0.05
403,42,1,39711.97,33190.18,0
403,49,1,8624.05,7839.12,0.2
403,70,1,4077.4,3312.6,0
403,111,4,1215.9,971.09,0.15
403,120,1,1815.73,1560.58,0
404,11,1,39200.7,28634.29,0.2
405,49,1,9017.92,7267.14,0.1
406,42,1,42719.17,33487.05,0
406,44,1,32955.47,26554.5,0.25
406,73,1,2555.64,2018.41,0
407,6,1,34018.33,28388.35,0.1
407,24,1,23930.33,17789.81,0.05
407,46,2,23290.92,19510.96,0.2
407,98,1,327.3,262.76,0.15
408,52,1,8294.78,6942.3,0.1
408,55,1,6829.3,5281.3,0.15
408,88,1,8430.5,6996.1,0
408,120,5,1887.58,1484.14,0.2
409,29,1,33505.66,26947.27,0
409,41,1,22902.13,30652.94,0.1
409,47,2,34411.03,28319.11,0
409,100,1,3364.28,2860.32,0
410,34,-3,28407.28,23730.36,0.2
410,44,1,34414.66,26921.74,0.25
410,47,1,34386.87,28922.52,0.05
411,10,1,28689.09,24852.1,0.05
411,35,1,39135.33,29502.07,0.15
412,11,2,38172.8,29425.15,0
412,17,1,6840.77,5658.54,0.15
412,73,1,2570.19,1910.38,-0.05
412,110,62,1345.46,1157.02,0
413,4,2,19659.15,16914.97,0.2
413,103,2,616.68,540.87,0.15
414,24,1,22999.96,16388.37,0
414,100,1,3213.09,2753.88,0
414,107,1,1416.7,1349.49,0.05
415,21,2,10525.72,8064.29,0.15
415,80,1,12661.03,12.35,0.1
416,13,1,64019.05,48956.79,0
416,19,1,14649.47,12077.09,0.25
416,44,1,31945.16,27120.12,0.2
416,63,2,11593.4,8436.73,0.05
416,74,1,3082.62,2432.95,0
417,16,1,10298.7,8514.03,0.2
417,18,2,26860.72,22134.31,0.05
417,45,1,12766.5,10395.59,0.15
417,92,2,1974.75,1475.51,0
417,120,5,1876.68,1531.68,-0.05
418,11,1,38288.28,29935.23,NULL
419,43,2,10205.43,7697.08,0.05
419,73,1,2719.99,2016.05,0.1
420,17,1,7045.41,5691.25,0.1
420,24,1,22716.86,16931.68,0.15
420,30,1,45447.91,34600.8,0.05
420,35,1,41803.87,32257.43,0
420,74,1,2907.7,2329.67,0.2
421,42,1,40048.73,34932.66,0
422,10,1,29875.39,24628.96,0
422,39,1,39959.44,32416.55,0
422,79,2,1185.27,895.41,0
423,4,1,19984.13,16227.51,0.15
423,13,1,68781.83,51337.81,0.2
423,17,1,6854.88,5451.44,1.1
423,55,1,6881.95,5208.79,0.2
423,110,1,1379.21,1116.25,0.25
424,24,1,22985.27,17955.6,NULL
425,40,1,44630.69,37075.03,0.25
425,44,1,232326.64,25632.53,0.1
425,89,4,5420.67,4611.64,0
426,30,1,41926.97,36567.11,0.15
426,52,2,8263.78,6940.22,0.05
427,41,2,23478,19528.36,0.1
427,42,1,40408.25,33169.87,0.2
427,50,1,14080.35,10874.68,1.1
427,57,2,11402.45,8860.24,0.05
427,116,3,2191.8,1678.41,0.15
428,46,1,23157.77,18526.04,0.1
428,73,1,2604.9,1990.86,0.05
428,88,2,8386.01,7214.75,0.05
428,99,3,4729.75,4015.71,0.05
428,101,2,1407.24,1140.32,0
429,25,1,24052.22,21283.47,0.25
429,35,1,41207.35,30325.89,0.25
429,55,2,6908.99,5468.63,-0.05
429,88,1,8206.14,7506.71,0.05
430,83,1,1369.8,1039.68,0.05
431,1,1,7571.22,6474.11,0
431,7,1,43617,35457.28,0.1
431,17,2,6604.23,5508.36,0
431,26,1,58194.58,45978.15,0.15
432,64,2,8449.47,6132.41,0.1
432,88,1,8180.05,7484.35,0.1
432,92,1,1979.23,1531.34,0.2
432,119,1,1933.14,1575.82,0.05
433,46,2,22388.92,18113.41,0.05
433,54,2,17497.71,14919.25,0
434,24,1,22500.53,18011.38,NULL
434,49,1,8877.19,7364.7,0.05
434,94,1,1357.36,1131.39,0.15
434,101,2,1413.12,1124.62,0.1
435,64,2,8495.38,6377.59,0.1
436,49,2,8340.51,7564.12,0.1
436,84,2,4047.95,2956.28,0
436,114,1,3374.08,2641.35,0
437,37,1,44705.58,33679.61,0.1
438,70,1,3788.65,3163.87,0.05
439,72,3,1926.66,1759.59,0.15
440,67,1,6035.41,4356.36,0.1
440,90,2,5908.88,4426.64,1.25
440,111,-3,1255.14,1011.45,0.1
441,40,1,44847.73,36283.74,0.15
441,58,1,4714.2,3739.76,NULL
442,32,1,32518.17,24928.78,0.05
442,49,1,8848.03,7540.04,0.05
442,75,-3,3255.35,2469.99,0.2
443,88,1,8231.02,7393.25,NULL
444,41,1,22220.34,17830.03,0.1
444,111,3,1251.93,1021.08,0.05
445,12,1,52370.7,39325.16,0
445,58,1,4476.47,3476.79,0
445,119,2,1918.32,1557.35,0.05
446,24,1,24283.39,17898.63,0
446,30,1,43446.97,36285.18,0
446,57,2,11397.06,8811.57,0
446,101,3,1461.85,1181.28,0
447,7,2,43848.31,36450.09,0
447,49,1,8715.06,7197.53,NULL
448,51,1,15577.49,12729.91,0.05
448,65,1,9523.53,7037.78,0
449,15,1,8632.99,7071.33,0.15
449,43,2,10784.53,7555.24,0.2
449,92,1,2046.54,1527.25,0.1
449,117,2,971.06,747.5,0.05
450,33,1,19965.42,17553.8,NULL
450,89,1,5618.86,4598.96,0.2
451,71,1,3626.6,2826.64,0.2
451,110,2,1381.73,1090.33,0
452,64,1,8313.17,6295.08,0
453,4,1,19147.99,15797.04,0
453,44,1,32539.95,28010.58,0
453,116,3,2104.48,1634.75,0.2
454,66,1,15346.18,11927.93,0.05
455,73,1,2722.69,2009.66,0
455,75,1,3008.76,2434.87,0.2
455,106,1,243.46,192.3,0.05
455,109,3,531.22,437.23,0.1
456,54,1,17803.79,13946.35,0.05
456,89,1,5653.65,6525.04,0.1
457,19,2,15163.75,12914.58,0.05
457,26,1,58083.6,47664.21,0.05
457,53,1,11259.04,8061.74,0
457,120,2,1869.59,1533.75,0
458,12,2,47915.13,39394.56,0.15
458,61,2,6351.5,5048.55,0.1
458,100,4,3132.15,2680.82,0.05
458,107,4,1432.38,1344.96,0
459,33,1,21654.14,16815.91,1.1
459,40,73,48223.83,38300.05,0
459,43,1,10477.64,7547.4,0.2
459,81,1,5277.6,3780.04,0.25
459,113,1,1549.63,1303.26,0.15
460,74,2,2894.79,2252.73,0.25
461,44,1,34024.27,25520.01,0.2
461,49,1,8926.59,7802.24,0.05
461,98,1,350.67,246.92,0.05
461,105,2,351,285.64,0.05
462,88,1,8798.12,7402.07,0
463,35,1,42306.07,32259.98,0
464,10,1,27946.21,23756.52,0.05
464,42,1,42951.11,32902.14,0.2
464,46,1,23513.66,18016.94,0.1
465,4,1,18497.1,16900.69,0.2
465,47,1,33451.74,28951.42,0.05
465,57,2,11316.18,8556.04,0.05
465,81,2,25722.58,4099.48,0.1
466,51,1,15474.85,13068.64,0.05
466,66,2,15754.27,11904.82,0.1
466,84,1,4196.98,2988.11,0.05
466,96,1,935.48,698.02,0.2
466,105,2,384.1,302.54,0
467,25,1,25795.97,20945.64,1.1
467,64,1,8400.73,6117.62,0
467,101,1,1482.93,1994.5,0.2
467,106,1,257.28,199.8,0.25
468,17,1,7046.88,5446.75,0.15
469,29,2,33953.03,25290.16,0.05
469,54,1,17192.69,14364,0.05
470,24,1,22634.85,17297.62,NULL
470,55,2,6761.68,5472.17,0
470,107,1,1420.59,1236.38,0
470,120,2,1895.3,2414.82,0.15
471,5,1,24071.2,18368.88,0.1
471,7,2,45047.93,38275.31,0
472,48,32,31445.03,23266.98,0.15
473,4,2,20004.1,16233.49,0.05
473,90,2,5430.57,4444.99,0.05
474,45,2,12698.29,9607.27,1.1
474,107,2,1517.29,1324.68,0.2
475,57,-2,10851.43,8147.57,0
475,116,2,2087.65,1662.26,0
476,66,1,15610.06,11454.8,0
477,47,2,9.06,29515.62,0
478,66,1,14979.23,11658.15,0
479,12,2,50883.1,37738.4,0
479,30,1,45414.55,37428.43,0.2
479,39,1,39456.25,32043.83,0.15
479,50,1,13836.69,10730.36,0.25
479,57,2,11408.83,8315.37,NULL
480,20,1,17278.7,15047.29,0
480,116,1,2049.48,1591.38,0.05
481,81,2,5009.87,4011.05,0.25
482,34,1,28004.42,23644.89,0
482,60,1,15694.49,12948.84,0.1
482,61,2,5859.04,4805.57,0.2
483,29,1,31351.68,27124.56,0.1
483,62,2,6575.14,5699.07,0.1
484,22,1,38184.55,29565.32,0.05
484,42,1,40485.03,32933.57,0.1
484,44,1,33250.88,26911.07,0.15
484,45,2,11850.83,9527.23,0
484,92,2,1987.99,1417.16,0.15
485,4,1,19571.71,15664.66,0.2
485,31,1,35783.47,31005.93,0.25
485,57,-2,10988.5,8089.41,0.1
485,75,1,3046.42,2451.1,0.1
486,84,1,4160.99,3183.25,0
487,52,1,9016.95,6889.91,0.2
488,30,2,42511.85,36330.23,NULL
488,43,1,4.69,8178.82,0.15
488,116,2,2182.18,1661.82,0.1
488,117,2,937.04,735.89,0.05
489,8,1,52528.75,46315.48,0.05
489,9,1,52096.46,46788.84,0.05
489,39,2,41928.76,34681.45,0
489,42,1,42163.01,47888.27,0.1
489,45,2,12117.07,9567.52,0.05
490,78,2,19145.4,15170.42,0
490,84,2,3903.55,3151.04,0
491,26,0,55177.67,47036.9,0
491,70,3,3844.19,3187.94,0
491,88,3,8710.3,7194.43,0.05
492,114,1,3328.41,2722.54,1.5
493,17,1,6681.97,5358.12,0.25
493,34,0,27891.75,23307.4,0.15
493,42,1,43430.71,33066.65,0
493,62,1,6.57,5533.26,0.05
493,73,1,2573.59,2002.36,0.15
494,11,1,2.72,28433.17,0.15
494,30,1,42179.17,34896.96,0
495,39,1,38909.06,31847.88,0
495,43,1,10502.96,8004.14,0.1
495,78,41,18271.8,15594.6,0.05
495,101,1,1476.5,1181.29,0.05
495,103,1,666.12,525.52,0.15
496,51,2,14886.79,13136.06,0
496,81,3,5309.73,3997.46,0
496,88,2,8360.23,7403.2,1.5
497,64,1,8329.55,6143.99,0.1
497,89,1,5257.34,4322.34,0.05
498,64,1,8021.8,6326.12,0
498,107,2,1461.36,1287.55,0.1
499,38,1,24650.62,18050.78,0
499,57,1,11130.81,8353.07,0.1
500,52,1,8851.73,6834.6,0.2
501,83,2,1376.69,985.35,0.15
501,105,1,356.58,290.37,0.15
502,17,1,6714.3,5435.87,0.15
503,52,1,9013.33,6867.86,0.1
503,59,52,10890.36,8492.53,0.1
503,65,1,10008.45,6959.09,0.1
503,74,1,3111.86,16.65,0.05
504,96,1,960.26,734.35,0
505,18,2,24906.36,21228.23,0.1
506,16,1,10756.13,8074.16,0
506,53,1,11167.93,7852.64,0
506,75,1,3258.59,2348.18,0
506,101,4,1508.86,1120.25,0.1
506,105,1,356.39,284.83,0.05
507,17,1,6912.33,5338.35,0
507,83,1,1382.9,1013.52,0.25
507,88,3,8190.63,7209.04,0
507,101,1,1518.87,1145.3,0.1
508,10,40,30385.67,24838.27,0.05
508,81,3,5374.97,3811.25,0.1
508,87,2,30625.7,24641.5,0
508,101,2,1476.41,1097.01,0.25
508,119,4,1965.37,1585.68,0.05
509,10,1,27928.61,24085.04,0.25
509,52,1,8591.63,6965.21,0.1
509,82,3,50708.18,5015.94,0.1
509,101,1,1518.05,1189.9,0.05
510,43,1,10326.48,7541.29,0.05
511,76,1,19654.58,2889.01,0
511,78,2,17555.81,15662.43,0
512,7,1,45358.25,38593.3,0
512,70,2,4164.12,3222.14,0.15
512,75,3,3159.31,2343.05,0.05
512,105,1,383.53,307.56,0.05
513,30,1,42994.86,34654.64,0.15
513,101,2,1515.54,1086.85,0
513,106,1,12.36,197.87,0.2
514,7,2,45789.88,37932.3,0.05
515,14,1,85456.03,64865.18,0.1
515,41,1,23709.18,19554.94,0
515,63,1,11219.6,8866.94,0
515,89,3,5561.15,6004.29,0
516,7,-3,41526.61,38301.19,0.05
516,64,1,8218.54,6151.84,0.1
517,5,1,22527.99,18306.19,0.15
517,33,1,21530.56,16979.49,0.1
518,26,1,59028.43,45373.31,0.1
518,77,1,4029.92,3048.3,0
519,73,2,2475.69,2005.6,0.15
519,103,1,625.36,507.28,0
519,116,4,2132.05,1632.29,0.1
520,10,1,27914.27,25540.97,0.25
520,82,2,5.62,5177.88,0.2
520,101,0,1397.9,1141.64,0.1
521,6,1,35022.95,28720.14,0
522,23,1,24397.91,19312.32,0.15
522,29,1,31002.58,26366.95,NULL
522,57,1,11133.96,8310.54,0.1
522,84,3,3902.84,3021.15,0
523,29,1,192343.5,26838,0.1
524,68,1,5333.97,3861.31,0.05
525,35,2,42019.4,32049.85,0
525,47,1,34450.54,28899.22,0
525,51,1,15248.52,6.96,0.05
525,120,5,1859.54,1477.14,1.1
526,22,1,35185.96,30884.42,0
526,51,1,14833.75,12775.26,0.15
526,75,3,3002.65,2460.28,0.1
526,109,1,515.93,446.27,NULL
526,118,1,1235.45,874.32,0
527,17,2,6963.32,5651.32,0.15
527,18,1,25083.7,22998.14,0
527,24,1,23843.04,17813.02,0.1
527,74,1,2836.93,2207.87,0.1
528,7,1,44887.58,35406.91,0.1
528,32,2,31205.79,26721.42,0
528,73,2,2627.67,2029.34,0.15
528,78,1,18657.69,14844.77,0.2
529,77,1,3752.74,4.97,0.15
529,120,0,1791.25,1543.31,0.15
530,45,1,12843.66,9428.08,0.15
530,73,3,2670.61,1904.45,0.2
530,110,1,1302.56,1064.92,0.05
531,22,2,34953.45,28693.79,0.15
532,11,1,271633.64,28441.08,0.15
532,30,1,42676.71,36018.81,0.2
533,30,1,45577.58,36292.2,0.05
533,84,2,3971.25,2992.84,0
534,29,1,31084.78,25104.64,0
534,101,2,1484.85,1177.28,0.05
535,4,2,18118.64,15756.19,0.25
535,32,1,31460.29,26977.27,0.25
535,109,1,509.58,430,0
536,57,-1,10455.8,8184.99,0
536,96,1,926.78,748.98,0
536,110,1,1386.69,1132.77,0.25
537,32,1,11.12,26108.07,0.05
538,13,2,67921.74,50754.91,0.1
538,41,1,23330.89,18291.03,0
539,33,2,21122.03,18339.17,0.05
539,100,1,3357.94,2743.06,0.1
539,120,1,1847.94,1561.5,0
540,101,1,1422.91,1164.7,0.15
541,22,1,36030.33,44180.32,0.25
541,43,1,10577.84,8046.03,0.15
541,73,-3,2485.94,2008.42,0.15
541,88,1,8159.19,6851.45,0.05
542,47,1,34008.99,29945.53,0
542,69,2,1980.99,1417.67,0.1
542,107,1,1514.58,1232.38,0
543,26,2,55378.77,49115.06,0.2
543,30,1,44231.57,34354.38,0
543,105,3,364.17,298.56,0.05
544,47,1,33645.95,28747.75,0.1
544,91,1,6685.37,1079.31,0.1
544,105,1,367.47,300.35,0
545,4,1,20010.85,15779.7,0
545,47,2,34005.93,27433.95,0.1
545,50,1,14039.24,11108.31,0.15
545,84,-1,4039.65,3046.92,0
546,47,1,34879.91,30106.36,0.2
547,51,1,15419.02,12475.97,0.25
547,56,0,14639.01,10837.7,0.05
547,77,1,3854.93,3173.25,0.1
548,64,1,7892.66,6132.99,0.15
548,98,1,340.92,251.84,0.05
548,110,2,1334.58,1164.63,0.05
549,30,42,41344.94,36959.89,0.25
549,110,2,1381.49,1073.92,0.1
550,15,2,8299.5,10545.02,0.15
550,17,2,6499.93,5393.72,0
550,44,1,32378.42,26382.84,0.05
550,62,1,6944.07,5418.81,0.05
551,12,2,50092.58,39006.68,0
551,47,1,33049.5,30057.26,0
551,58,1,4567.5,3493.79,0
551,120,2,1849.12,1580.09,0
552,77,1,3701.44,2997.55,0.25
552,84,2,3960.49,3201.07,0.2
552,94,1,1250.22,1183.64,0.05
553,46,1,22692.35,18478.59,0
553,78,1,19000.98,15244.63,0
553,88,1,8304.64,7482.34,0.05
554,41,1,23744.51,18559.44,0
554,106,0,241.7,198.03,0
554,117,3,909.63,727.45,0.15
555,7,2,44979.19,38201.86,0.05
555,72,1,1978.08,1729.09,0.15
555,95,2,779.84,580.26,0.05
556,47,1,32239.07,28596.49,0.2
556,55,1,6712.49,5307.06,0.15
556,92,3,1948.38,1422.95,0.15
556,114,4,3176.93,2893.16,0.2
557,34,1,29348.07,23875.58,0.1
557,102,1,791.32,602.28,0
557,114,2,3311.24,2778.37,0
558,7,2,42305.23,35485.42,0.1
558,18,2,25519.76,22621.34,0
558,116,1,2159.54,1615.55,0.1
559,52,1,8719.43,6612.96,0.15
559,57,1,11268.04,8439.78,0
559,61,46,6411.15,4797.27,0.1
560,22,2,36640.6,28742.22,0.1
560,75,2,3123.24,2303.74,0
560,105,1,378.53,296.87,0.1
561,30,1,41637.66,35880.92,0.15
562,51,1,15414.85,12.36,0.05
562,57,0,11419.4,8251.71,0.1
562,120,3,1880.72,1571.55,0
563,14,1,78179.22,65971.96,0.05
563,15,1,8405.32,7422.42,0
563,32,1,31745.6,25314.46,0
563,103,3,660.83,505.7,0
564,73,1,2679.23,1953.27,0.15
565,17,1,6652.48,5717.63,0.15
565,18,2,26824.88,22650.72,0.2
565,68,1,5240.95,3911.63,0.1
565,105,1,356.22,286.59,0
566,57,2,11418.8,8531.88,0.1
567,46,2,21881.85,19316.88,0.05
568,54,2,18173,14170.43,0.05
568,57,1,11245.32,8265.61,0.05
568,101,2,1501.57,1127.07,0
569,96,2,973.69,678.95,0.05
570,16,1,10141.46,7934.92,0.05
570,30,1,41394.2,36458.03,0
570,38,1,24160.72,19226.34,0.05
570,114,1,3303.38,2646.76,0.1
571,44,1,34420.33,25767.16,0.15
571,51,1,14947.16,13101.97,0
571,117,2,946.98,724.82,0.15
572,5,1,22512.58,17859.55,0.1
572,47,1,34407.32,28614.47,0.15
572,94,1,1263.7,1089.4,0.2
573,24,2,24187.99,16531.18,0.05
574,85,1,12208.27,8870,0.2
575,17,1,6685.53,5352.27,0
575,24,2,23642.97,17263.29,0.25
575,57,1,11059.75,8573.06,0.2
576,32,1,32381.58,24560.53,0
576,62,1,6808.26,5498.66,0.1
576,75,2,3154.19,2512.8,0.15
576,82,33,6454.05,5233.79,0.25
576,120,2,1778.94,1545.29,0.05
577,19,2,14478.87,11875.98,0.1
577,34,1,26959.13,22003.94,0
577,44,1,33629.55,27999.52,0.05
578,112,2,1057.24,829.35,0.15
579,16,1,10381.96,8264.9,0.1
579,43,1,10361.26,7993.9,0.1
579,53,2,11286.56,8087.25,0.15
580,61,1,6320.36,5085.94,0.15
580,66,1,15299.29,11591.58,0
580,113,1,1573.78,1295.93,0
581,18,0,25848.87,21466.17,0.05
581,19,1,14640.32,12597.29,0.25
581,36,1,46682.81,37805.47,-0.05
581,101,1,1519.18,1108.65,0.05
582,9,1,54126.47,43672.83,-0.1
583,57,1,10627.11,8155.91,0.05
583,59,1,11034.17,8185.33,0
583,101,2,1392.38,1103.9,0
584,17,1,6654.46,5592.58,0.15
584,119,3,1988.43,1514.06,0
585,18,1,26672.63,22307.78,0
585,74,1,2998.14,2214.06,0
585,81,1,5255.5,4026.5,0.15
585,95,2,817.76,585.04,0.05
585,113,5,1582.9,1214.83,0.1
586,14,2,83436.44,68239.46,0
587,41,1,23007.88,19437.19,NULL
587,46,1,21981.51,18334.1,0.05
588,19,1,14520.96,12046.98,0.1
588,42,1,41743.49,34713.32,0
588,43,1,42060.27,7669.21,0.25
588,92,3,2012.68,1433.5,1.5
588,99,1,4584.02,3848.34,0.05
589,94,1,1285.17,1104.31,0.1
590,22,2,37154.64,29988.96,0
590,44,1,33236.67,25973.9,0.15
590,64,2,7896.25,6428.17,0.2
590,101,3,1392.27,1170.42,0.1
590,110,2,1307.73,1086.42,0.1
591,21,1,11030.82,8370.69,0.05
591,84,1,4201.34,3159.44,0.05
591,96,1,915.33,718.87,0.05
592,64,1,8431.07,6608.4,1.5
593,27,1,33180.4,30449.03,0.25
593,101,1,1505.53,1120.03,0.2
594,57,1,10648.58,8458.8,0.05
594,101,1,1468.9,1179.48,0.05
594,120,5,1826.23,1469.54,0
595,64,1,8022.3,6256.74,0.1
596,30,1,43455.41,36703.35,0
596,43,2,10682.49,7765.44,0.1
597,90,2,5589.6,4684.96,0
598,49,54,8906.99,7812.36,0.05
598,64,2,8635.43,6349.79,0.05
598,105,1,372.86,301.9,NULL
599,105,4,353.69,281.73,0.05
600,12,2,47653.47,36364.46,0.05
600,39,1,39152.28,31381.06,0.05
600,87,66,29497.81,23361.58,0.15
601,43,1,10934.65,7484.19,NULL
601,44,1,33368.77,27432.63,0
601,58,1,4485.11,3643.93,0.1
601,60,1,15450.77,12592.35,0.1
601,99,2,4773.04,12.15,0
602,12,1,48363.58,37988.75,0.15
602,24,1,9.5,18007.33,0.1
602,43,1,9966.52,7502.01,0
602,63,2,11599.95,8507.51,0.05
603,21,0,11084.62,8375.58,0.15
603,24,1,24132.33,16618.21,0
603,30,1,45258.77,34549.92,0
603,88,1,8647.19,7488.85,0.1
604,33,2,19994.14,17912.88,0.1
605,4,2,19431.1,15914.61,0.1
605,6,63,33082.65,28599.93,0
605,58,1,4328.08,3614.28,0.2
605,83,2,1332.96,1055.31,0.2
606,52,1,42950.36,6721.98,0.05
607,51,1,15303.2,12340.21,0.05
608,21,2,10696.62,8041.06,0.1
608,57,1,10564.17,8038.16,0.2
609,7,1,44554.92,37666.55,0.1
609,26,2,59332.55,49289.15,0.2
609,110,3,1413.53,1127.64,0.15
610,5,1,22349.37,17843.72,0.15
610,30,1,44201.35,37576.93,0.1
610,52,1,8369.75,6920.39,0.05
610,73,2,2675.47,2053.7,0.1
611,33,2,21542.51,17622.3,0.1
611,57,2,11140.61,8696.11,0
611,120,1,1776.75,1521.99,0.05
612,10,1,28366.04,23371.98,0.1
612,105,4,377.25,300.36,0.05
613,113,1,1549.08,1318.79,0.05
614,24,1,23227.2,16869.22,0
614,45,1,12387.52,9793.41,0.2
614,46,1,23659.31,19303.25,0.25
614,47,1,34181.51,28481.27,NULL
614,103,4,644.99,510.72,0.15
615,32,2,30224.79,26204.31,0.2
615,92,2,2059.69,1504.71,0.15
616,58,1,4722.08,3654.68,0.1
616,94,1,1295.74,1183.63,0
617,60,1,15002.6,12557.87,NULL
618,6,0,35096.61,27923.55,0.1
618,61,1,6361.32,4853.74,NULL
618,69,3,1946.68,1517.28,0.25
618,85,3,11348.56,9198.37,0.05
619,24,1,22311.79,16905.19,0
619,72,2,2049.01,1732.48,0.2
619,109,1,547.44,467.4,0
620,32,1,32428.65,25949.38,0.1
620,99,1,4775.91,3956.52,0.2
621,92,2,2028.48,1450.34,0.15
622,74,3,3079.7,2409.15,0.1
622,84,1,4107.98,3080.71,0.1
622,118,1,1257.54,914.08,0.1
623,4,1,19410.31,16752.57,-0.1
623,55,1,6663.66,5479.91,NULL
623,73,3,2709.71,2003.58,0.05
624,70,1,3981.79,3144.9,NULL
625,17,1,6990.75,5299.81,0.05
625,27,1,35896.48,29688.88,0
625,44,1,33053.62,26572.41,0
625,117,3,982.93,719.74,0
626,99,3,4673.04,3692.86,0.2
627,78,3,19057.65,15980.83,0.15
627,103,1,651.15,514.88,0.15
628,29,1,33465.66,25933.04,0.15
628,57,1,10578.7,8027.45,0
628,88,3,8165.64,7487.19,0
628,101,1,1401.92,1095.43,0
628,120,4,1813.56,1498.23,0.05
629,64,1,7952.41,6562.49,0
629,101,4,1506.61,1140.59,0.2
630,30,1,41386.47,34229.47,0.1
630,77,34,3722.39,2955.57,0.15
630,107,5,1519.29,1230.2,0
631,12,1,49768.46,37609.45,0.05
631,57,1,10649.78,8830.5,0.1
632,40,1,45699.73,37583.1,0
632,58,1,4454.28,3551.25,0.15
633,9,1,52801.41,44808.57,0
633,30,1,42673.35,34229.26,0.1
633,43,1,10147.82,7742.54,0
633,89,1,5567.75,4244.36,0.1
633,115,2,10.94,902.27,0.05
634,4,2,19441.99,16872.18,0
634,12,1,49577.04,38301.94,0.2
635,32,2,30069.32,26245.35,0.2
635,44,1,33956.52,26419.69,0
635,64,1,38581.01,6356.23,0.05
636,7,1,43584.16,38355.85,0.05
636,54,1,16915.66,13942.02,0.15
637,45,2,12258.07,9963.67,0.15
638,32,1,30022.19,26337.28,0
639,60,1,15245.06,13498.82,0
639,66,2,15390.03,12304.81,0.1
639,111,2,1274.13,1017.59,0.05
640,61,2,5837.58,4837.15,0.05
641,30,1,41329.06,34578.86,0.1
641,92,0,1909,1452.43,0
641,105,1,379.53,303.65,0
642,17,1,7069.45,5422.7,0.15
642,87,1,32008.02,25251.94,0.05
643,22,1,215803.43,29843.31,0.1
643,46,1,23196.2,18859.47,0.15
643,64,1,7912.74,6416.9,0
643,81,1,5387.45,4009.35,0.2
643,99,2,4648.23,3801.17,-0.1
644,96,2,981.59,699.11,0.2
645,32,1,30272.14,25219.34,0.2
645,47,1,33143.53,27626.5,0.2
645,108,1,1756.09,1439.6,0.05
645,109,1,3910.71,460.92,0
646,18,1,26690.62,21306.82,0.2
646,30,1,41309.06,36903.74,0.1
646,39,1,41285.58,34371.84,0.05
647,40,1,46992.01,38127.51,0.15
647,88,0,8299.16,7125.06,0
647,89,1,5329.89,15.22,0
648,17,1,6910.42,5677.48,0.1
648,30,1,43729.96,35691.15,0
648,73,3,2657.31,2044.08,0.05
648,103,2,616.54,498.62,0
649,11,1,35895.11,29251.61,0.05
649,42,0,39598.58,33413.39,0.15
649,44,1,33105.77,27352.64,0
649,62,36,7013.48,5671.13,0.15
650,35,1,40037.73,29424.04,0.05
650,64,2,8090.13,6647.86,0.2
650,99,3,4457.59,3866.18,0.05
651,62,1,6782.19,5540.47,0.2
652,15,1,2.36,7464.62,0.15
653,13,1,70642.11,49608.14,0
653,47,2,34266.9,28593.68,0.05
653,49,1,8553.05,7160.44,0
653,101,1,1513.95,1092.77,0
653,103,3,620.43,520.92,0
654,52,1,8407.91,6552.09,0.2
654,99,1,4518.83,3867.1,0
654,116,1,2205.14,1591.63,0.2
655,3,1,14281.92,12465.15,0.1
655,22,1,37207.72,30209.92,0.25
655,30,2,41332.97,34333.25,0.05
655,113,5,1615.14,1228.33,NULL
656,34,1,27154.02,23757.5,0
656,47,1,32056.13,29842.18,0.05
657,51,2,16051.77,13328.84,0.1
658,120,1,1803.66,1508.61,0
659,20,1,17861.58,14751.08,0.15
659,21,2,10648.56,8176.36,NULL
660,29,1,32645.76,26709.02,0
660,106,3,245.08,194.38,0.1
661,21,1,10779.96,8360.16,0.15
661,49,1,61783.28,7494.68,0.25
662,10,1,30397.43,24536.49,0.05
662,42,1,40540.78,34174.09,0.2
662,55,2,7063.33,5377.01,0.15
663,102,2,741.99,599.21,0.15
664,37,1,40843.57,33353.03,0
664,39,1,38164.62,33599.69,0.1
664,46,2,23588.45,19406,0.05
665,10,1,30233.43,24108.99,0.05
665,17,1,6846.5,5653.09,0.15
666,39,1,41079.8,31900.58,0.2
666,40,67,47941.31,37392.28,0
666,47,1,34099.2,29583.68,0.15
666,88,2,8742.65,6897.69,0
667,83,3,1375.52,1009.22,0.25
667,103,2,648.49,506.29,0.1
668,27,1,33098.95,10.93,0
668,99,2,4369.13,3994.72,0.05
669,112,1,1047.53,820.19,0.1
670,111,4,1230.97,965.94,0
671,43,1,10415.47,8037.54,0.25
671,73,3,2703.18,1918.23,0
672,12,1,49197.76,39864.23,0.05
672,17,2,6798.31,5358.71,0
673,11,2,38752.99,29881.58,0
673,29,1,33145.93,27019,0.1
673,70,3,3990.66,3164.3,0.2
674,33,1,21018.79,17801.11,0
674,109,4,529.35,444.51,0.25
675,12,1,7.55,38113.69,0
675,37,1,43286.12,32747.62,0
675,60,1,15403.17,12897.53,0.25
676,41,1,22823.29,18717.43,0
676,49,1,9117.42,7534.07,0.05
676,73,1,2534.79,1911.92,0
676,103,3,630.13,538.27,0
677,26,2,56224.57,46379.86,0.2
677,112,2,1121.4,810.18,0.05
677,113,1,1546.13,1253.06,0
678,45,1,12195.37,10078.12,0.2
679,3,1,14290.91,12548.77,0
679,39,1,39235.53,33650.71,0
679,99,1,4680.68,3994.29,0
680,9,1,51607.17,45097.48,0.15
681,102,2,749.3,632.08,0.05
682,24,2,23652.44,17823.3,0.1
682,27,1,35209.3,29184.95,0.2
682,35,1,41521.41,31777.96,0
682,120,1,1876.84,1463.04,0.05
683,64,1,8024.09,6456.23,NULL
684,47,1,33701.6,28017.36,NULL
684,75,1,3127.82,2364.57,0.05
684,81,1,5203.07,3963.43,NULL
685,39,0,39065.37,34573.68,0.2
685,54,27,17126.96,14771.22,0.05
685,92,0,2026.21,1536.44,0
686,64,1,7875.08,6164.48,0
686,91,4,1470.73,1146.87,0
687,51,1,15597.62,12549.86,0.15
687,54,1,17903.28,14290.5,-0.1
687,89,1,5479.66,4666.48,0.15
688,115,2,1069.45,939.78,0.05
689,74,3,2976.16,2294.54,0.05
689,114,1,3373.97,2789.5,0
690,54,1,17508.68,15056.7,0.05
690,76,1,3299.61,2681.33,0.1
691,63,1,10915.48,8984.83,0.15
692,101,3,1426.66,1141.33,0
693,24,77,22597.17,17664.8,0.2
694,101,3,1521.27,1157.03,0.05
695,49,1,8502.14,7777.54,0
695,54,2,17873.07,13899.9,0
696,30,1,42751.46,36360.08,0.2
697,66,1,15115.6,11921.52,0.1
697,76,1,14.56,2802.42,0
697,110,4,1369.1,1084.35,0.15
698,42,1,41811.64,53595.24,0
698,44,1,32384.46,26963.2,0
698,60,2,15362.97,12514.96,0
699,24,1,23840.09,17735.65,0.05
699,30,1,44502.13,37632.54,0.1
699,57,0,10594.87,8547.68,0.1
699,105,3,386.07,281.26,0.25
700,7,1,41874.54,38132.87,0.1
700,57,2,10667.58,8437.81,0.05
701,34,1,27390.46,22705.98,0.1
702,50,2,13622.08,10309.13,0
703,51,1,1.76,12431.07,0.05
703,61,1,5962.75,4836.5,0
703,76,3,3457.47,2797.27,0.05
704,5,70,22113.66,17505.22,0.2
704,25,1,25837.52,20931.74,0.05
704,88,1,8433.92,6959.35,0.2
705,17,2,6936.42,6.98,0
706,58,1,4676.7,3600.17,0.05
706,77,1,3800.16,3051.17,0.1
706,109,3,531.51,440.54,0
706,110,2,1365.11,1084.91,0
706,113,2,1629.85,1731.05,0
707,11,1,37798.2,30320.83,0
708,64,1,8375.01,6281.57,0.15
708,73,1,15154.51,1976.43,0.15
709,49,1,8934.94,7393.1,0
709,55,1,7028.01,5292.72,0.1
710,12,1,48899.93,37354.46,0.1
710,14,2,79584.91,68367.07,0
710,38,1,3.73,18294.18,0
710,112,79,1082.73,770.28,0.2
711,4,1,19889.19,15867.29,0
711,24,1,23589.95,17095.16,0
711,116,1,2207.3,1625.05,0.2
712,24,2,22565.96,16710.93,0
712,47,1,33189.95,28406.44,0.2
712,84,2,4096.25,3126.19,0
712,111,3,1298.28,936.28,0.1
713,60,2,15441.02,13515.69,0.05
714,11,1,38687.55,29754.16,0.1
714,33,1,21006.1,18062.38,0.05
714,40,1,47743.61,59463.67,0.2
714,55,2,6816.55,5271.68,0
715,73,2,2559.8,2007.69,0
716,17,2,6498.26,5559.5,NULL
716,32,1,32682.14,25638.74,NULL
716,94,1,1248.95,1083.83,0.1
716,113,5,1505.54,1330.95,0.15
717,32,1,30479.98,25274.24,0.15
717,107,2,1445.72,1338.76,0.05
717,116,4,2098.66,1702.22,0.1
718,47,1,33781,27977.64,0.2
718,73,1,2489.14,2849.04,0
718,81,1,5247.74,4060.91,0.05
718,83,3,1399.72,1060.91,0.05
719,15,2,9101.7,7456.24,0
719,88,1,8254.13,7199.05,0.25
720,29,1,31520.81,26472.25,NULL
720,47,1,32253.42,27603.03,0.05
720,57,1,10631.02,8709.43,0.15
721,57,1,11265.46,8177.97,0.1
721,64,1,8502.88,6504.41,0
721,70,1,3836.28,3188.77,0.15
722,44,1,33597.55,25533.76,0.05
722,92,1,1896.46,1528.86,0.1
722,112,1,1058.4,769.02,0.2
722,114,1,3333.32,2836.77,0
723,96,1,944.06,682.23,0
724,32,1,30185.05,24596.11,0
725,64,2,8586.43,6575.08,0.2
725,72,2,1952.6,1628.9,0.2
726,30,1,43778.17,35120.77,0.05
727,17,1,6481.12,5386.16,NULL
727,103,1,651.13,530.45,0.1
727,108,5,1764.54,1394.75,0.05
727,119,1,1878.87,1550.47,0.05
728,72,2,1921.19,9.29,0.05
728,105,3,380.33,298.46,0.2
729,7,2,43001.52,37248.73,0.05
729,17,2,6703.28,5475.61,1.1
729,34,2,29478.72,23808.92,0
729,60,2,15499.4,12907.89,0.2
729,77,-1,3953.48,3127.56,0
730,7,1,44737.02,2.92,0.05
731,30,1,43055.98,35924.78,0.1
732,1,1,7820.3,6573.26,0.05
732,12,2,49495.5,37384.07,NULL
732,24,1,23374.39,17026.74,0.05
732,99,1,4424.76,3882.52,0.05
733,15,1,10.72,7126.72,0.1
733,36,1,45554.28,38384.16,0
733,105,3,364.71,289.54,1.25
734,26,1,57511.78,45825.33,0.2
734,57,28,11317.77,8694.9,0.15
734,62,1,7051.6,5679.1,0
735,20,1,17033.97,14947.81,0.1
735,57,1,10702.78,8233.53,0.05
735,120,1,1850.27,1510.43,0.05
736,7,1,43271.49,35206.07,0.25
736,33,2,20729.97,17458.08,0.15
736,107,1,1535,1280.58,0.15
737,37,2,44531.04,32894.8,0
737,58,1,4748.57,3734.17,0
738,30,1,42826.08,35958.57,0.1
738,50,1,13933.42,10820.55,0
738,60,1,15613.97,13434.41,NULL
738,75,1,2992.72,2411.6,0.15
738,114,1,3197.48,2790.31,0.15
739,8,1,55564.99,45084.06,0.05
739,29,1,34111.02,41466.55,0.1
739,42,1,43347.95,32216.09,0.1
739,58,1,4478.03,3481.48,0.2
739,113,1,1627.78,1275.19,0.1
740,54,2,16910.96,14205.14,0.05
740,83,1,1341.77,967.7,0.05
741,62,1,6813.68,5762.72,0.15
742,24,1,23172.21,16530.12,0.05
742,113,2,1536.15,1220.43,0.1
742,120,4,1854.23,1530.85,0.15
743,44,1,33346.42,26785.67,0.1
744,24,2,23742.76,16380.44,0.1
745,15,60,8774.25,6862.58,0.1
745,73,2,2667.42,2001.42,0
746,47,1,35290.01,29993.29,0
747,22,1,36380.37,30620.2,0.25
747,49,1,8653.72,7604.88,0.05
747,64,1,8630.6,6103.57,0
747,120,1,1818.26,1458.32,0.05
748,33,1,21743.36,16983.82,0
748,61,2,5842.2,4833.75,0.1
748,99,1,4505.44,3803.57,0
749,43,1,10887.47,7408.81,0
749,47,1,33870.49,28044.71,0.05
749,64,2,8556.79,6140.76,0
749,79,1,1160.5,887.37,0.1
750,55,1,6671.03,5442.95,0
750,101,2,1395.86,1176.58,0.05
751,24,1,24246.04,17906.91,0.05
751,84,2,3922.06,3047.95,0.05
752,15,1,8681.21,7459.45,0
752,44,1,33531.24,25692.66,0.1
753,5,1,23930.6,18843.2,1.25
753,24,1,23943.91,17959.9,0
753,26,1,55354.07,47779.53,0
753,52,1,8740.13,7117.2,0
753,108,1,1779.9,1465.36,0.15
754,64,1,8308.84,6469.13,0.1
755,17,1,14.5,5501.96,0.2
755,32,1,32315.35,25589.21,0.05
755,49,1,9004.48,7294.02,0
755,61,2,6234.49,5081.91,0.1
756,43,1,10214.45,8141.36,0.05
756,110,1,1332.39,1162.74,0.15
757,72,1,2040.72,1742.1,0.2
757,75,1,6.66,2311.46,0.15
758,46,1,22870.48,19526.54,0.05
758,57,1,10654.38,8723.24,0.2
758,78,1,17922.79,16074.52,0.05
759,47,1,32358.66,28869.98,0.15
759,57,1,10880.08,8156.44,0.25
759,78,1,18188.41,15746.07,0.05
760,12,1,47984.78,37443.27,0
760,41,1,23127.2,18376.66,0.2
760,64,1,7939.6,6147.63,0.1
760,103,2,640.92,539.44,0.15
761,40,1,48166.74,35447.07,0.15
761,47,1,33621.43,27399.16,NULL
761,64,1,8609.32,6321.44,0.2
761,113,4,1619.37,1233.6,0.25
762,30,1,43421.81,37559.28,0.1
762,34,1,27431.9,23662.6,0
763,64,1,8359.98,6302.16,0.1
763,88,2,8828.67,7011.71,0.1
764,30,1,41976.12,35292.67,0.1
764,74,1,3016.2,2243.02,0
765,42,1,41562.22,31970.69,0
765,82,1,6321.57,5353.68,0
765,95,2,770.65,605.02,0.25
765,101,1,1441.18,1088.44,0.05
766,30,2,44100.21,37679.82,0.05
766,94,3,1369.26,1166.29,0.15
767,52,1,8322.59,7120.08,0.1
767,73,2,2560.37,1993.01,0.15
767,76,1,3259.36,2680.35,0
768,17,2,6823.17,5202.4,-0.05
768,76,1,3542.23,2730.11,0.2
768,84,3,4261.04,3005.7,0
769,19,2,15515.44,12035.39,0.15
769,43,1,9970.65,7862.9,0
769,61,1,6421.59,4987.32,0.15
769,88,2,8249.01,7086.51,0.05
770,1,1,8206.44,6128.47,0.1
771,47,1,33799.81,29702.52,0
771,77,0,3905.12,3086.69,0.1
772,17,1,6500.8,5511.07,0.2
772,87,3,31215.6,23972.61,0
772,101,1,1427.7,1086.41,0
772,108,3,1836.55,1470.4,0
772,120,1,1896.81,1441.65,0.1
773,24,-1,23947.53,17460.63,0.05
774,26,1,57832.03,48975.15,0.2
774,39,1,39490.84,33061.98,0
775,39,0,39660.45,34046.65,0.1
775,49,2,8533.49,7221.74,0.15
775,51,2,15173.41,13205.18,0.1
775,88,1,8304.62,10924.84,0.1
775,119,4,1917.86,1562.94,0.05
776,57,1,10542.54,8094.08,0.05
777,7,1,42108.63,35287.52,0.05
777,76,1,3295.58,2755.5,0
777,120,1,1877.94,1454.61,0.1
778,32,1,31577.05,26322.76,0
778,49,1,8997.53,7625.17,0.1
779,39,1,39797.6,31786.07,0
779,67,1,6049.39,4698.68,0.15
780,52,41,8342.5,6582.04,0.1
780,77,1,3858.64,2909.22,NULL
780,84,2,4279.31,2968.9,0.15
780,89,2,5533.25,4487.14,0
781,81,1,4943.57,3763.62,0.15
781,105,2,382.33,285.98,0.2
782,58,2,4617.04,3554.75,0
782,59,1,10306.48,8182.9,0.15
783,9,1,53426.52,44113.17,0.1
783,113,2,1512.28,1255.69,0
784,39,1,40323.28,33692.84,0.1
784,88,1,8372.57,7462.39,0.2
784,92,1,2056.38,1454.15,0.15
785,113,3,1492.58,1314,0.05
786,42,1,41538.29,34957.19,NULL
786,79,1,1204.87,887.21,0.25
787,6,1,36174.53,29204.67,0.05
787,7,1,42504.42,37242.85,0.05
787,42,1,40129.43,34610.06,0.15
787,64,1,8469.67,6310.15,0.25
787,90,1,5804.41,4629.07,0.2
788,47,1,34424.41,29611.69,0.2
788,120,1,1837.98,1437.22,0.15
789,15,1,8570.44,7286.77,0
789,18,1,25985.49,21680.07,0.1
789,109,1,524.56,460.34,0.2
790,13,1,11.25,52202.12,0.1
790,99,2,4666.2,3846.07,0.2
791,12,64,52636.18,38582.16,0.05
791,21,1,11253.75,8311.02,0.15
791,70,1,4030.83,3179.94,0.1
792,37,1,267546.9,34317.62,0
793,17,2,6947.67,5204.62,0
793,30,1,44009.27,36961.55,0.15
793,47,1,33147.54,28482.23,0
793,78,1,18527.97,15432.87,0.2
793,88,2,8508.83,7435.69,-0.05
794,34,1,29385.58,23742.39,0.15
794,44,1,33918.04,26097.57,0.15
795,30,1,42654,36239.89,0
795,40,1,45913.26,36118.02,0.15
796,108,2,1838.1,1375.08,NULL
797,6,2,33657.55,29196.46,0
798,41,0,24369.24,18597.3,0.05
798,57,1,67351.11,8061.21,0.1
798,113,5,13.39,1247.83,0
799,75,1,3100.45,2403.11,NULL
799,88,1,8921.81,7381.35,0
800,6,1,34754.42,27828.1,0.15
800,17,2,6775.59,5699.8,0
800,32,1,30619.54,26569.49,1.25
800,120,1,1916.47,1533.61,0
801,10,1,28423.11,24619.58,0
801,15,1,4.71,7523.62,0
802,109,1,514.3,428.75,0.05
802,113,2,1524.92,1298.42,0.05
803,51,1,15587.24,12717.29,0
803,88,3,8304.37,7515.25,0.05
803,103,0,645.02,501.77,0.05
804,19,2,7.19,11957.94,0.1
804,26,1,57776.29,45504.73,0.1
804,106,2,257.8,210.93,0.05
805,50,1,10.39,10399.35,0.05
806,100,2,3332.36,2781.7,0.15
807,57,1,10826.83,8792.43,0
808,35,1,272237.41,29434.54,0
808,37,1,41460.6,32453.16,0.05
808,81,1,4959.88,4119.14,0
808,95,1,795.05,605.14,0
809,4,1,19979.81,16891.79,0.25
809,73,1,2686.55,1859.5,0.05
810,4,2,19620.75,17007.64,0.2
810,43,2,10180.33,11259.09,0
811,45,1,12246.3,9545.39,0.15
811,60,1,16377.74,12377.83,0
811,62,1,6846.62,5383.85,0.05
811,75,2,3216.05,2487.7,0.2
812,26,1,57679.37,46448.22,0
812,39,1,39468.76,32662.3,0.05
812,46,1,21797.48,19421.79,0.15
813,57,1,11050.41,8846.05,0.15
813,83,2,1369.12,1057.8,0
813,101,1,1413.81,1186.36,0.2
814,7,1,44801.84,38673.76,0.05
814,17,1,6789.36,5556.35,0
814,96,1,914.77,748.92,0
814,120,4,1798.75,1488.55,0.05
815,17,1,6666.13,14.45,0.15
815,78,1,18915.59,15144.76,0.05
816,24,1,23726.84,16496.23,0.2
817,31,2,35604.63,31000.23,0.15
817,103,1,623.66,501.25,0.15
818,92,2,1991.7,1505.61,0.05
819,17,1,7108.39,5304,0.05
819,32,1,32104.83,24643.91,0.05
819,57,1,11090.47,8798.28,0.2
820,18,1,25200.9,21302.56,0
820,21,2,10763.27,8287.26,0
820,45,2,12150.42,10061.67,0
820,73,3,2582.72,1859.57,0.1
820,88,2,8407.24,7514.1,0.15
821,19,1,15684.54,12602.21,0.2
822,39,1,39718.29,34147.58,-0.1
823,6,1,33158.55,29024.28,0.2
823,70,1,4173.28,3316.63,0
824,20,1,17889.52,16129.65,0
824,58,1,4601.87,3423.66,0.05
824,73,2,2495.42,1885.41,0.15
824,109,1,537.33,438.78,0.1
824,120,1,1879.24,1521.72,0.2
825,95,3,10,591.57,0.05
826,75,1,2993.29,2371.7,0
826,96,1,925.9,736.86,0
826,101,1,1429.01,1176.56,0
827,51,2,16212.11,12469.29,0
828,84,2,4000.86,3020.82,0
829,30,1,41383.11,37641.81,0.1
829,43,1,10484.93,7466.94,0
829,64,2,8213.81,6091.61,0.05
829,89,2,5399.08,4359.1,0.15
829,111,3,1203.97,960.73,NULL
830,51,2,15226.25,13213.13,0.05
830,57,2,11031.37,8746.48,0
830,101,-1,1439.09,1089.84,0.15
830,108,1,1877.47,1503.77,0.05
831,42,1,40612.04,32775.49,0
832,15,1,8482.4,7012.66,NULL
832,16,1,10793.34,7966.65,NULL
832,32,1,32398.48,25888.88,0
832,96,4,916.48,735.3,0
832,103,2,644.78,535.86,0
833,17,1,6637.02,5481.56,0.05
833,18,1,26183.7,22750.38,0.15
833,105,1,380.8,294.69,0.25
834,29,1,31852.95,26946.09,0.2
834,55,1,7003.57,5201.99,-0.1
834,64,1,8633.79,6311.61,0.05
834,73,1,2635.91,1911.49,0.05
835,49,1,9154.01,7550.75,0.15
835,64,1,7915.51,6088.02,0.15
836,30,1,41748.57,35830.78,0.05
836,66,1,15524.97,11722.8,0
836,71,1,3605.58,2766.61,0
837,76,3,3531.03,2653.88,0.2
837,78,2,18608.61,15467.3,0
837,114,2,3112.17,2804.2,0.1
838,60,1,15854.56,12253.55,0.05
838,119,4,1968.63,1648.84,0
839,66,2,15024.76,12255.71,0.25
840,45,1,11882.64,10373.93,0.15
841,24,1,24265.58,16327.41,0.05
841,70,1,4131.12,3203.86,0.15
842,38,1,24301.43,18050.77,0
842,76,1,3322.97,14.65,0.1
842,119,3,2012.75,1634.46,0
843,34,1,26935.12,22139.45,0.1
843,73,1,2638.24,1896.51,0
844,17,1,6793.22,5368.08,0.15
844,105,1,384.46,287.02,0.1
844,112,2,1075.65,816.09,0.25
845,10,1,28257.39,25243.33,0.15
845,34,0,27306.47,22235.04,0
845,46,1,21891.6,18725.68,0.05
845,61,1,6415.25,4884.35,0.2
845,116,5,2174.78,1642.93,0
846,60,2,15067.93,12469.23,0
847,24,2,22069.25,18032.86,NULL
847,96,1,959.77,687.62,0.15
847,113,3,1592.02,1229.25,0.05
848,47,1,34537.4,29413.45,0.05
848,55,1,6956.96,5252.28,0.1
849,24,1,23305.4,17438.03,0.1
849,49,2,8513.74,7828.51,0.05
849,100,1,3351.97,2824.95,NULL
850,88,1,8115.78,6883.09,0
851,4,2,18499.87,15704.95,0
851,11,2,38744.18,28815.94,0.1
851,19,1,15369.45,12772.18,0
852,41,1,22631.72,18417.72,0
852,43,1,10359.67,7922.68,0.05
852,46,1,22066.51,19131.2,0.1
852,105,1,375.95,291.59,NULL
853,30,1,324812.38,36924.04,0.1
853,44,43,35060.12,26651.4,0.15
853,47,1,34959.03,29778.16,0
853,76,1,3345.12,2751.17,NULL
853,113,1,1595.39,1276.52,NULL
854,35,2,38779.41,30107.05,0.05
854,39,1,40153.9,32054.36,0
854,64,-2,8563.23,6520.39,0.2
855,43,1,10733.8,7777.41,0
855,64,1,8107.26,6156.93,0.1
856,51,61,15900.01,12376.61,0.1
856,67,1,5798.93,4364.97,0
856,96,2,939.33,699.81,0.15
857,5,1,22988.92,18155.83,0.2
857,77,2,4048.33,2981.18,0
857,83,1,1387.67,1050.54,0.05
858,96,1,909.04,733.92,0.1
858,111,1,1265.35,965.09,0.2
858,120,1,1952.19,1520.26,1.25
859,72,2,2050.87,1630.99,0
860,4,1,18226.62,17028.47,0.15
860,5,1,23868.02,18298.97,0
860,24,63,22595.46,16955.32,0.05
860,89,2,5369.59,4269.7,0.1
860,100,1,3218.44,2708.38,0.1
861,47,1,32876.14,28013.51,0.25
861,57,1,10490.02,8786.36,0
862,40,48,47789.51,37128.3,0
862,67,1,6216.43,4689.34,0.25
862,105,3,386.19,305.9,0.05
863,11,2,35510.4,30673.96,0.1
863,81,1,5233.73,4137.19,0.15
864,5,1,23158.27,18393,0
864,74,2,2931.71,2364.8,0
864,101,1,1386.41,1101,0
865,24,1,22227.16,16844.53,0.1
865,41,1,23931.27,18227.04,0
866,5,1,23735.79,18426.32,0.2
866,46,1,23793.12,18999.37,0
866,70,2,4037.46,3255.12,0.2
867,81,1,5093.87,3901.25,0.05
868,10,2,29346.03,25326.49,0.2
868,17,1,6677.45,5594.19,0.15
868,101,1,1433.57,1176.46,0.15
869,49,1,8789.13,7479.53,0.15
869,52,1,8803.14,6522.08,0.05
869,55,2,7081.62,5291.53,0
869,95,3,804.88,606.35,0.1
869,113,-3,1632.07,1243.48,0.15
870,53,1,10683.07,8627.98,0.15
871,8,1,52090.51,46982.33,0.1
871,24,1,22481.63,16484.7,0.05
871,39,1,39081.08,34414.1,0.15
871,63,2,11008.27,8890.06,0
871,103,1,672.69,514.24,0
872,51,1,15352.34,11.9,0.1
873,17,1,6871.29,5665.56,0.15
873,19,1,15623.18,11912.75,NULL
873,49,1,9131.74,7568.32,0
874,22,1,36512.68,29285.88,0
874,47,1,34043.33,29457.05,NULL
874,58,2,4744.28,3498.62,0.05
874,65,1,9260.79,7045.63,0.2
875,13,2,68839.42,52386.23,0.15
875,70,3,3853.38,3283.12,0.15
876,51,1,15951.28,13440.43,0.1
876,67,1,5957.1,4721.03,0.2
876,103,1,616.45,517.47,0
876,115,1,1089.42,953.78,0
877,44,1,35011.51,27498.55,0
877,51,1,15580.32,12504.71,0.1
877,57,1,10373.16,8615.35,0.05
877,120,3,1906.09,1585.13,0
878,64,1,8346.13,6468.84,0
879,4,1,18473.59,16808.9,0
879,17,2,6594.35,5205,0.05
880,17,1,6557.21,5631.46,0.2
880,24,0,22433.45,16825.06,0
880,67,1,5701.7,4476.8,0
881,26,1,58207.46,49091.41,0.15
881,32,1,30910.92,26420.51,0.2
881,47,1,34472.88,29392.78,0.1
881,74,2,3018.6,3490.96,0.05
882,17,1,7000.41,5267.09,0.05
882,50,2,13438.14,10310.79,0.2
882,77,3,3842.62,3108.81,0
882,81,3,5104.83,3818.9,0.05
883,30,1,43173.05,36630.61,0
883,32,1,32403,25554.39,0.1
883,99,1,4369.12,3712.51,0
883,120,1,1782.17,15.63,0
884,83,2,1367.57,1055.05,0.25
884,105,1,356.96,299.52,0.1
885,2,2,10443.75,9284.08,0
885,30,1,43855.61,37572.27,0
885,84,1,4080.71,3158.17,0.05
885,112,1,1095.32,795.01,0.15
886,113,1,2.12,1298.32,0.25
887,22,2,36399.45,29401.65,0
887,64,1,8015.02,6576.62,0
887,120,1,1808.67,1504.73,0.05
888,88,1,8621.23,7470.07,0.1
889,34,1,27320.85,22332.15,0.1
889,110,1,1400.05,1147.51,0.1
890,30,1,41679.89,36205.8,0.15
890,39,2,41148.41,32916.61,0.2
891,47,1,32207.61,29429.98,0
891,51,1,15952.64,12456.17,0.05
892,50,1,14140.57,11037.68,0.1
892,95,4,815.36,596.24,0
893,64,1,8410.72,6497.57,0.05
893,95,1,836.16,575.64,0.2
894,54,1,17186.36,15165.59,0.1
894,106,3,261.67,196.67,0.1
895,46,27,21723.53,19552.61,0.15
896,44,1,33699.64,25677.12,0.2
896,45,1,12336.88,9507.17,0.1
897,47,1,33796.4,27580.1,0.1
898,11,1,36473.58,29472.31,0.15
899,22,1,36565.74,30965.74,0.1
899,101,2,1507.03,1084.03,0.2
899,108,-3,1745.34,1483.39,0.2
900,33,1,20067.43,5.13,0.2
900,46,1,22568.21,19128.94,0.1
900,51,1,15801.08,12407.78,0
901,10,1,30413.05,23979.57,0.05
901,22,1,35063.83,30732.81,0.15
901,42,2,8.35,33933.87,0
902,105,3,352.05,278.93,0.1
903,77,1,3686.12,12.22,0.05
903,101,4,1389.72,1170.98,0.15
904,42,2,41949.83,31938.42,0
904,60,1,16052.87,13272.17,NULL
904,62,1,6557,5496.35,0.1
905,47,2,32357.52,29564.08,0.05
905,51,1,15013.48,13525.34,0.1
905,78,3,18513.05,15175.74,0.25
906,16,2,64289.47,8432.22,0.25
906,29,1,32852.1,26489.61,0
907,20,2,18773.86,15079.62,0
908,57,1,11107.01,8698.42,0.1
908,101,1,1459.74,1111.95,0.2
909,34,1,27590.97,22021.5,0
909,78,1,18525.48,14832.01,0.05
910,34,1,28650.43,22889.52,0.15
911,51,1,15163.39,12967.83,0
911,70,1,4092.92,3088.92,NULL
911,101,1,1506.48,1111.85,0.05
912,14,1,82780.76,64590.29,0.05
912,27,1,34501.18,28645.25,0.05
912,84,1,4050.53,2917.11,0.1
913,25,1,24696.13,20517.19,0.05
913,61,1,6183.43,4685.76,0.2
914,6,1,34058.42,27616.89,0
914,57,2,10767.75,8462.85,0.2
914,64,1,8311.6,6302.07,0.05
914,87,1,31082.27,23913.22,0
915,18,2,25275.56,21926.94,0
915,40,1,44528.85,36004.24,0
915,60,-1,16153.06,13242.78,0.05
915,83,2,1360.55,1002.46,0.05
916,12,39,49534.75,36405.18,0.05
916,29,1,33207.83,26245.41,0
917,4,1,18207.7,15808.41,0.05
917,58,1,4504.26,3719.44,0.2
917,70,3,4009.32,3238.56,0.05
917,116,-1,2204.39,1563.94,0
918,57,1,11054.84,8564.54,0.1
919,11,1,39004.98,30574.3,0.15
920,34,1,27288.44,21805.47,0.05
921,58,1,4697.29,3456.62,0
921,101,2,1404.05,1123.52,0.05
921,107,3,1444.14,1227.07,NULL
922,45,-2,12357.51,9949.34,0
922,87,1,30142.23,25438.89,1.25
922,105,1,351.01,296.93,0
923,30,1,42055.45,37523.98,0.25
923,51,1,15490.7,13496.62,0
924,13,1,67405.92,49632.12,0.1
924,47,1,32548.33,27499.59,0.1
924,49,1,8932.94,7573.78,0
924,67,1,6120.67,4512.28,0
924,70,1,3812.37,3126.44,0
925,22,2,35850.72,38300.26,0.2
926,5,1,22730.72,18680.33,0
926,26,1,54789.7,46279.19,0.15
926,29,1,32743.35,26360.7,0.1
926,40,2,47211.3,36513.68,0
926,57,-1,10831.44,8632.76,0.05
927,32,1,31417.44,25022.5,0.05
928,114,1,3157.63,2840.07,0.25
929,29,1,31152.73,26889.37,NULL
929,41,1,24439.66,18486.32,0.05
929,92,1,2027.96,1434.99,0.1
930,57,1,10760.33,8660.9,0.1
930,88,3,8750.37,7427.12,0
931,18,1,24793.51,22109.2,0.05
932,18,1,25566.79,22734.09,0.15
932,47,1,32798.54,29253.89,0
933,30,1,42561.24,37562.67,0.05
933,55,1,7112.28,5192.46,0
933,78,1,18277.3,15034.69,0.15
933,120,1,1784.29,1493.87,0
934,42,1,40721.85,33581.82,0.05
934,75,2,3231.31,2421.31,-0.05
934,83,1,1394.92,1043.69,0.25
935,17,1,6930.74,5381.22,0.2
936,36,1,46675.41,39580.43,0
936,40,1,45370.01,38595.33,0.1
936,75,1,3031.99,2536.77,0.05
937,7,2,41725.49,37553.71,0
937,113,2,1564.52,1320.2,0.1
938,64,1,7903.48,6481.27,0.2
938,103,1,613.72,535.54,0.15
939,112,3,1057.66,842.43,0.05
940,7,2,42368.76,37836.76,0.05
941,5,1,22700.33,18869.04,0.05
942,10,2,28178.69,23501.17,0.1
942,17,1,6610.27,5352.16,0.1
942,27,1,35453.38,29753.23,0.15
943,4,1,18301.35,15623.84,NULL
944,42,2,14.07,33684.29,0
944,64,2,8369.46,3.5,0
944,75,2,3202.03,2489.6,0
945,15,1,8453.72,7239.9,0
945,40,1,46751.31,35741.03,0.05
946,6,1,33613.65,27795.1,0.15
947,79,1,1132.11,870.2,0
947,81,3,5283.26,4128.8,0.05
947,87,1,32068.76,25433.65,0.15
948,4,1,19856.53,16466.22,0.1
948,18,1,25995.39,22902.01,0.2
949,43,1,10272.2,7711.98,0.1
949,70,1,3791.05,3099.88,0
949,89,3,5704.93,4622.43,0.2
949,94,4,1295.65,1137.38,0.15
949,110,2,1354.29,1110.33,0.1
950,55,-1,7050.06,5723.53,0.05
950,58,1,4331.19,3450.33,0.1
951,6,1,8.75,26972.95,0.1
951,19,1,14847.8,12383.11,0
951,72,1,1946.94,1707.52,0
951,101,4,1521.07,1106.79,0.05
952,71,1,3538.46,2939.96,0.05
952,74,1,2869.76,2372.96,0.05
952,77,1,3947.48,2979.42,0.2
953,105,4,1953.04,278.68,0.05
954,95,1,799.78,620.19,0.15
954,105,1,373.76,284.85,NULL
954,112,1,1046.26,773,0.1
955,39,1,38547.19,33118.42,NULL
955,41,1,22875.24,17890.1,0.2
955,74,0,3064.31,2271.32,0
955,102,2,765.94,596.96,0.1
956,64,1,8499.28,6303.41,0.05
956,67,1,5901.91,4489.35,0
956,88,2,8818.96,7226.72,0
957,40,1,48185.23,37246.81,0.1
957,64,1,8013.75,6504.25,0.15
957,74,2,2968.68,2282.54,0.05
957,84,2,4102.36,2927.23,0
958,67,1,6176.39,4406.83,0.1
958,100,1,3423.01,2788.15,0.05
958,113,1,1557.08,1225.7,0
959,21,1,10790.52,7993.89,0.2
959,120,5,1907.63,1562.28,0.1
960,49,1,8618.3,7478.95,0.1
960,87,2,31290.69,25245.02,0.05
961,34,1,28722.4,21924.01,0
961,57,1,10804.9,8394.81,0
961,66,1,15909.56,11461.17,0
962,6,2,32925.89,26776.92,0.05
962,99,2,4389.16,3951.91,0
963,38,1,23501.24,19374.93,NULL
963,45,1,12154.5,10301.75,0.05
963,58,1,4554.29,3484.97,0.05
963,64,2,7945.61,6598.59,0.05
964,16,2,10343.69,8079.99,0
964,26,2,58981.22,46816.33,0.1
964,84,1,3906.14,4589.29,0.05
964,88,1,8253.76,6963.09,0.1
964,101,1,1494.92,1090.38,0
965,63,1,11062.75,8745.93,1.25
965,100,1,3384.83,2737.19,0.05
966,29,2,32265.6,26080.43,0.2
966,103,1,641.19,535.25,0
967,46,1,23846.04,19501.81,0
967,52,1,8307.34,6658.46,0.1
967,57,2,10690.15,8840.74,0.15
967,94,1,1360.42,1145.14,0.1
968,44,1,33736.08,27607.13,0.15
968,88,2,8944.43,7365.49,0
969,40,1,47239.47,36959.49,0.1
969,41,1,22948.41,18201.35,0
969,54,1,18399.09,15219.56,0.25
969,89,1,5453.62,4320.02,0
970,56,1,14488.46,11050.65,0.2
970,82,1,6349.3,4992.97,0
971,44,1,31936.03,27683.42,0
971,65,1,9660.32,7582.43,0
971,113,3,1549.59,1302.23,0.05
972,99,1,4595.22,3676.88,0.15
973,59,1,11102.78,8360.54,0.05
973,113,2,1536.84,1287.28,0.05
974,70,3,3967.41,3122.42,0.2
974,120,4,1918.83,1497.74,0.05
975,46,2,23028.49,19457.79,0
975,75,50,3163.37,2437.66,0.05
975,108,2,1890.7,1430.15,0.15
976,88,1,8845.84,7277.02,0
977,40,1,47781.91,35341.77,0.05
977,64,1,8501.75,6518.93,0
977,76,3,3490.49,2841.96,0.1
977,94,2,1350.98,1147.47,0.1
978,42,1,41685.19,32146.89,0
978,47,1,34667.69,28976.55,0
978,62,1,6974.23,5634.16,0.2
978,64,1,7994.13,6403.97,0.1
979,46,2,22277.72,19390.27,NULL
980,92,1,2040.79,17.47,0.25
981,100,45,3376.59,2832.29,0
982,32,1,32748.8,26765.56,0
982,34,1,27073.13,23571.59,0
982,103,1,661.85,502.95,0.15
983,4,1,18925.93,16388.12,0.15
983,49,1,9164.21,7151.42,0.15
983,64,1,8519.18,6538.17,0
984,1,2,7916.09,6074.52,0
984,99,3,4622.3,3827.7,0
984,114,5,3237.56,2667.84,0.15
985,88,2,8460.37,7445.28,0.1
985,116,5,2173.41,1589.72,0.05
986,54,1,18633.2,14218.91,0.1
986,70,3,3872.86,3220.5,0
987,66,1,15711.38,12495.47,0
987,95,4,819.14,592.09,0
987,109,1,533.35,463.65,0.1
988,17,2,6990.35,5335.6,0.2
988,101,2,1468.07,1081.02,0
988,110,1,1362.25,1127.71,0.1
989,45,1,12880.78,10319.32,0
989,47,1,32036.62,28302.11,0.2
989,54,1,16920.29,15061.5,0.05
989,88,1,8587.1,7117.52,0.05
989,107,2,1464.79,1306.33,0.15
990,81,-1,5314.64,3911.63,0.15
991,57,1,11206.29,8487.02,0.05
991,110,1,1311.46,1128.12,0.05
992,7,1,41865,37046.36,0.05
992,73,2,2613.86,1926.3,0.05
993,22,1,35563.34,30138.7,0.1
993,30,1,44023.66,37434.26,0
994,73,1,2680.73,2031.48,0
994,78,2,19010.42,14755.61,0
995,18,1,26675.11,23011.03,0.1
995,34,1,27651.71,22426.35,0.15
995,38,1,25273.33,17767.95,0
996,5,1,22800.78,17627.54,0.15
996,12,1,50599.58,39195.21,0.1
996,47,54,34890.98,28092.88,0.05
996,61,2,6332.89,5067.62,NULL
997,28,1,25855.04,19239.28,0.1
998,61,1,6326.29,4765.37,0.2
999,98,-1,339.85,264.76,0.1
999,105,1,375.48,293.66,0.05
999,109,5,538.72,423.63,NULL
1000,18,1,24986.99,23395.96,0
1000,30,1,42966.93,34843.45,0.15
1000,88,2,8436.12,7521.82,0
1001,44,1,32147.95,25996.69,0.15
1001,64,1,8379.43,6568.26,1.5
1002,87,1,31886.34,23396.64,0.2
1003,72,1,2112.24,1669.97,NULL
1004,26,1,54305.09,48630.57,0.05
1004,41,1,22276.26,18519.8,0.1
1004,89,3,5273.43,4505.9,0.05
1004,113,4,1500.2,1296.76,0.1
1005,119,1,1892.03,1611.12,0.05
1006,61,1,6087.98,4887.11,0.25
1006,77,3,3751.34,3076.63,0.15
1007,89,2,39327.53,4550.44,0.2
1007,105,1,358.97,286.79,0.05
1008,24,1,23000.33,16801.87,0
1008,106,1,241.79,201.81,0.15
1009,103,2,620.45,528.37,0.1
1010,24,1,23529.37,17342.63,0.1
1010,47,1,33385.59,29792.25,0.15
1010,101,1,1451.71,1094.9,0.1
1011,95,1,797.89,605.93,0
1012,11,1,38206.8,30285.01,0
1012,30,1,45294.68,37432.92,0.1
1012,81,1,5416.91,3974.49,NULL
1012,105,1,354.23,2.93,0.2
1013,106,1,265.06,193.16,1.5
1013,110,2,1397.26,1057.26,0.2
1014,29,1,31739.98,40829.97,0
1014,120,0,1942.89,1538.84,0.05
1015,5,1,24027.84,18009.22,0.05
1015,52,1,8378.7,6760.24,0
1015,56,1,13694.5,10524.21,0.05
1016,24,0,23057,17910.94,0.05
1016,29,1,33911.12,25150.5,0
1016,60,1,16300.55,12748.57,0.15
1017,11,1,37232.54,28463.43,0.1
1017,70,1,4183.85,3331.24,0.2
1018,64,1,8434.24,6094.29,0.2
1018,66,1,14939.68,11861.53,0
1019,101,1,1418.13,1126.95,0.15
1020,24,1,22711.31,17121.76,0.15
1020,82,1,6627.69,5447.4,0
1020,101,1,1506.6,1190.29,0
1021,15,1,8755.81,7034.59,0.05
1021,22,2,36408.29,31125.99,0.15
1021,30,1,43859.4,36725.06,0.1
1021,44,1,32441.47,27030.5,0
1021,84,1,4049.11,2962.97,0
1022,30,1,42562.03,34272.22,0.1
1022,45,1,12679.08,9851.99,0.15
1022,103,3,613.09,536.12,0.1
1023,56,2,13973.8,10437.06,0.2
1023,99,2,4536.37,3914.14,0.05
1023,115,2,1156.91,937,0.1
1024,26,1,59024.04,48645.7,0
1024,99,2,4747.62,3680.85,0.15
1024,107,5,1483.52,1340.27,0.2
1024,111,1,1247.2,977.67,0
1025,109,2,543.01,452.08,0
1026,24,1,24007.73,17854.43,0.05
1027,7,1,41903.58,35729.62,0.05
1027,42,1,41673.59,34908.23,0.25
1027,57,1,11016.18,8725.99,0.1
1028,27,1,33587.59,30208.5,0.05
1028,58,1,4651.68,3588.45,0.1
1028,64,1,8066.17,6315.33,0.1
1028,88,1,8727.82,7241,0
1028,112,1,1121.46,839.06,0.1
1029,73,1,2605.15,2030.38,0.05
1030,46,1,21674.4,18364.55,0.05
1030,59,72,10833.13,8036.25,0.1
1030,84,1,4242.67,2958.94,1.5
1031,15,1,8300.58,7377.83,0.2
1031,107,5,1515.47,1344.39,0.2
1032,43,1,10545.19,7969.2,0.1
1032,47,1,35378.8,28615.16,0
1032,101,3,1448.74,1156.35,0
1033,42,1,42425.12,33005.05,0.05
1034,16,1,10291.17,8458.06,NULL
1034,40,1,48169.51,35880.93,0
1035,17,1,6534.95,5612.45,0.15
1035,73,3,2683.34,1894.15,0
1035,88,2,8565.22,6866.9,0.1
1035,113,1,1548.73,1214.21,0.1
1036,60,1,15116.48,13509.32,1.5
1036,79,1,1167.4,879.34,0.05
1037,46,1,23857.31,19701.27,0.15
1037,57,1,11114.18,8584.23,0
1037,101,1,1388.36,1117.08,0.05
1038,8,0,52513.52,44176.13,0
1038,28,2,25239.2,19392.44,0.15
1038,88,1,8689.88,7096.59,0.1
1039,24,1,14.83,17298.49,0.15
1039,42,1,41412.81,48968.92,0.05
1039,47,1,33129.97,28455.19,0
1039,57,1,11216.63,8253.83,0
1039,95,1,773.16,608.05,0
1040,22,2,35827.49,30093.56,0.15
1040,92,1,1950.93,1481.5,0.1
1041,25,1,26292.29,20079.66,0.2
1041,57,0,10390.71,8160.73,0.1
1042,15,2,8569.01,6838.64,0.2
1043,24,2,23575.67,17189.83,0
1043,50,1,13799.97,10262.72,0
1043,78,1,18635.01,15726.26,1.1
1043,85,1,12334.59,8910.28,0.1
1043,113,3,1595.39,1283.21,0.05
1044,16,1,10634.39,8237.82,0
1044,24,1,23238.59,17104.85,0.1
1044,34,1,27566.82,22688.56,0
1044,76,1,14.11,2810.44,0.1
1044,81,3,5365.49,3884.58,0
1045,60,1,15955.41,12800.2,0
1045,67,1,5878.02,4355.12,0.1
1045,95,1,835.64,627.47,0
1046,24,1,23755.41,17446.4,0
1046,64,1,8614.2,6299.83,0.15
1046,113,2,1552.72,1238.96,0
1047,7,1,45661.7,35250.8,0.05
1047,38,1,23097.01,18682.93,0.15
1047,88,2,8338.56,7365.49,0.05
1048,20,2,18128.43,16094.65,0
1048,46,1,22733.75,5.11,0.05
1048,66,1,15281.49,11585.5,0
1049,39,1,40551.9,34404.57,0.1
1050,34,1,27201.51,23559.96,0.05
1050,35,1,39625.58,30997.89,0.05
1050,45,1,12281.46,10168.05,0
1050,51,2,15502.1,13221.85,0.25
1051,88,1,8778.41,7187.73,0.15
1052,27,1,35226.51,5.23,0.05
1052,84,1,4219.84,3017.49,0.1
1052,95,1,825.21,572.5,0
1052,97,1,699.7,554.6,0.2
1053,29,1,33342.03,25636.62,0.15
1053,30,1,44168.01,37234.31,0
1053,55,1,43814.63,5360.73,0.05
1053,57,1,10871.66,8059.32,0.15
1054,18,1,26432.22,21583.76,0
1054,100,3,3361.56,2831.1,0.05
1054,117,1,979.43,694.81,0
1055,95,3,791.71,583.46,0.1
1056,5,1,22790.17,17611.83,0
1056,78,1,18484.56,17,0.1
1057,103,2,663.09,523.04,0
1058,78,1,17861.45,14983.71,NULL
1058,96,4,986.25,726.96,0.05
1059,16,1,10638.48,8513.07,0.15
1060,24,1,22912.9,16766.19,0.25
1060,28,1,25582.89,19194.07,0.2
1060,30,2,43657.87,37355.45,0.2
1060,32,-1,30458.39,26894.53,0.25
1060,120,1,1875.13,1452.4,0.1
1061,24,69,23559.62,17891.76,0.05
1061,41,1,23833.95,19499.96,0.25
1061,92,3,1903.12,1503.85,0.05
1062,46,1,22012.72,19716.31,0.05
1062,72,2,1999.75,1770.33,0.2
1063,61,1,5921.78,5150.88,0
1063,92,2,1910,1494.05,0
1064,30,1,42776.31,36301.1,0
1065,32,2,31912.79,24734.89,NULL
1065,58,1,4708.91,3749.45,0.2
1065,64,1,7960.39,6496.4,0
1066,17,2,6685.81,5194.34,0.15
1066,64,1,8664.8,6648.44,0
1066,77,2,3925.42,3057.25,0.25
1067,30,1,42676.87,12.38,0.05
1067,81,1,5234.04,3798.6,0.15
1067,94,2,1331.34,1168.19,0.15
1067,101,2,1467.71,1080.8,0.05
1067,115,3,1088.85,917.67,0
1068,54,1,18066.35,14634.3,NULL
1068,61,2,6169.81,5141.14,NULL
1068,92,4,1888.7,1462.78,NULL
1069,4,2,19029.57,15546.19,0.25
1069,30,1,43813.43,35084.34,0.05
1069,88,3,8136.19,7407.27,0.05
1069,99,2,4426.26,3770.19,0.1
1069,107,1,1481.66,1311.61,0.15
1070,10,1,27846.36,13.91,0
1070,64,2,8175.76,6608.05,0.1
1070,74,3,2931.08,2310.04,0.05
1070,119,1,1921.27,1563.13,0.1
1071,99,1,4716.03,3853.59,0
1071,112,3,1120.51,806.8,0
1072,22,1,37887.2,28593.08,0
1072,32,1,31777.69,24752.62,0.05
1072,34,1,29472.22,22264.26,0.15
1072,58,1,4702.61,3662.37,0.05
1072,110,1,1323.9,1102.06,1.5
1073,113,1,1640.62,1315.18,0.1
1074,24,1,24169.19,16527.92,0
1074,35,1,40721.6,30678.23,0.1
1074,99,3,4538.6,3888.64,0.15
1074,107,3,1409.75,1266.52,0
1075,101,1,1394.97,1162.23,0
1076,19,1,14689.05,11957.81,0
1076,44,1,32317.13,26760.18,0.15
1076,64,0,8572.35,6379.44,0.05
1076,111,4,1291.7,16.38,0
1077,17,1,6475.22,5357.28,0.1
1077,51,-2,15231.11,13339.02,0
1077,70,1,3851.68,3084.52,0
1077,113,4,1618.48,1268.63,0.1
1078,14,2,84017.94,67730.84,0.15
1078,50,1,14505.24,10603.52,0
1078,101,1,1410.65,1134.99,0.05
1078,120,1,1850.86,1481.98,0.05
1079,77,1,3806.28,3001.82,0
1079,88,1,8565.84,7049.73,NULL
1079,105,2,378.18,298.22,0
1079,113,1,1583.78,1337.17,0.1
1080,50,1,14511.31,10462.36,0.05
1080,57,1,49496.37,8545.45,0
1081,42,1,40252.58,32092.61,0.15
1082,29,1,34031.48,26731.18,0.1
1082,76,2,3587.25,2883.34,0.1
1083,57,1,10840.51,11586.08,0.15
1084,16,1,10011.73,8516.59,0.25
1084,18,1,26766.38,22040.49,0
1084,88,3,8856.86,8.82,0
1085,55,2,6646.49,5532.74,0.1
1085,101,1,1420.06,1187.89,0.1
1086,39,1,38579.05,34279.22,0
1086,64,1,7929.75,6047.82,0.15
1086,105,1,380.34,304.06,NULL
1086,109,1,545.59,460.46,0.15
1087,17,2,6665.96,7865.42,0.05
1087,103,1,623.13,524.16,0.05
1087,108,1,1820.63,1395.76,0
1088,6,1,36306.12,28035.4,0.1
1088,54,1,18378.29,14652.55,0.2
1088,70,2,3826.8,3137.79,0.15
1088,105,3,364.97,490.76,0.2
1089,4,1,19058.8,16854.54,0
1090,15,72,9143.93,6973.61,0.2
1090,23,1,23311.1,20425.4,0.2
1090,31,1,35379.12,30475.67,0.15
1091,3,1,14333.06,12058.7,0.1
1091,75,3,2978.08,2387.69,0.1
1091,77,1,3874.92,3124.32,0.2
1091,108,5,1836.49,1391.08,0.2
1092,15,1,8462.9,11229.25,0
1092,111,2,1250.46,1006.18,0.15
1093,1,2,7578.41,6100,0.05
1093,29,1,33539.66,26535.81,0.05
1093,73,2,2510.05,6.08,0.25
1094,51,1,15190.79,12411.95,0
1094,54,1,18360.62,13895.85,0
1094,58,1,4408.81,3463.43,0.05
1094,94,1,1291.72,1075.78,0.1
1095,78,2,17684.71,14980.83,0.1
1096,99,1,4341.49,3715.4,0.05
1096,108,2,1767.55,1392.59,0.05
1096,113,5,1604.06,1273.11,0
1097,10,1,28902.68,24420.77,0.1
1097,120,80,1784.75,1505.78,0.05
1098,6,1,35585.96,29183.75,0.15
1099,47,1,33644.7,28233.6,0
1099,89,1,5640.43,4387.28,0.05
1100,101,3,1477.79,1133.98,1.25
1101,67,1,5891.12,4662.76,0
1102,21,2,11245.48,7927.88,0.1
1103,29,1,32686.06,26516.39,0
1103,31,1,35178.17,30211.27,0
1103,41,1,23957.75,19009.52,0
1103,82,1,6566.64,5407.48,0.15
1103,120,2,1883.7,1514.08,0.05
1104,15,2,8386.01,7150.56,0.15
1104,72,1,1957.8,1680.86,0
1104,89,1,5264.19,4531.53,0.15
1105,57,1,10589.61,8692.1,0.1
1105,70,1,4048.04,3350.11,0
1105,78,2,19283.26,16028.26,0.1
1105,101,1,1492.46,1184.18,0
1105,120,2,1829.19,1462.9,0
1106,53,1,10860.13,8275.26,0.1
1106,112,3,1098.49,828.24,0.15
1107,58,1,4718.5,3755.11,0.2
1107,103,1,657.08,532.77,0
1108,9,1,309443.27,45287.88,0
1108,96,1,956.87,695.03,0.2
1109,64,1,8010.4,6459.95,0.2
1109,101,2,1466.54,1105.89,0.05
1110,17,1,6911.56,5313.69,0.05
1111,52,1,8382.81,6829.56,NULL
1111,57,1,11003.75,8782.77,0.1
1111,58,1,4457.84,3562.07,0.15
1112,48,1,31417.15,24517.66,0.15
1113,45,0,12030.69,10358.66,0
1113,54,1,17255.73,15066.85,0.15
1113,78,1,18878.34,15961.27,0.1
1114,18,1,26167.28,21791.64,0.2
1114,36,1,47691.16,40016.73,0.15
1114,73,1,2531.08,2017.49,0.2
1115,24,1,23653.45,16628.31,0.1
1116,22,1,36405.86,30926.7,0.05
1117,19,1,15574.34,12341.54,0.1
1117,21,2,10496.32,8392.34,0.15
1117,25,2,24507.67,20367.12,0.05
1117,95,1,775.63,575.8,0.1
1118,39,1,40047.42,31752.69,0.15
1118,73,1,2586.77,1961.96,0
1119,117,1,940.87,746.47,0
1120,24,1,23855.38,14.42,0.05
1120,32,1,30071.04,26514.91,0
1120,63,1,11226.66,8752.47,0.05
1120,83,3,1346.76,1058.21,0.05
1120,95,0,789.66,581.45,0.1
1121,63,1,11306.92,8935.7,0.05
1122,32,2,30305.1,26747.1,0
1122,39,1,41510.6,33191.15,0.15
1122,117,3,919.68,721.97,0
1123,4,2,18772.39,15812.76,0.15
1123,7,1,44104.03,38480.62,0.2
1123,47,1,35009.18,28802.17,0.1
1123,67,-2,6106.44,4591.76,0.05
1123,113,3,1570.84,1286.62,0.1
1124,38,1,23481.16,18723.27,0.25
1124,46,1,22454.65,18903.33,0.05
1125,13,2,66589.44,48038.32,0.05
1126,73,3,2682.61,2005.72,0.05
1127,47,2,32707.23,28110.78,0
1127,49,1,9196.55,7685.67,0.2
1128,16,1,10184.18,4.94,0
1129,18,1,26905.56,22490.01,0.05
1129,58,2,4367.59,3435.84,0.2
1129,73,1,2632.67,2018.25,0.05
1130,43,1,10802.92,7535.48,0.15
1131,17,1,6451.15,5261.72,0.2
1131,100,3,3411.45,2835.24,0.2
1131,110,5,1320.08,1135.56,0
1132,9,2,53136.67,45960.32,0
1132,33,1,20484.32,16685.19,0
1132,38,1,24432.88,18985.15,0.1
1132,114,2,3155.44,2757.08,0
1132,119,2,2000.06,1604.34,0
1133,24,1,22422.37,17369.71,0.2
1133,29,1,31569.68,26163.68,0.15
1133,30,-2,42137.53,34135.43,0.1
1133,47,1,33427.28,28662.66,0.1
1134,30,2,41688.17,37592.11,1.1
1134,42,1,40140.93,32168.91,0.2
1134,47,1,32515.71,27450.39,0
1135,49,2,8504.2,7198.81,0.1
1135,56,1,14547.94,11144.49,0.1
1136,16,1,10556.22,7860.41,0.15
1136,79,35,1147.94,891.75,0.05
1137,15,2,8358.38,6895.16,0.2
1137,44,0,33908.23,27478.96,0.2
1137,73,1,2569.69,1884.19,0.05
1138,100,1,3175.95,2631.05,NULL
1139,70,1,4074.46,3183.63,0.2
1140,21,2,10901.76,8254.05,0.2
1140,52,1,9006.86,6968.12,0.15
1140,57,48,11162.5,8586.06,0.15
1140,120,3,1942.12,1466.75,0
1141,17,2,6727.96,5364.29,0.2
1141,24,2,22061.89,17300.67,0.2
1142,61,1,6144.82,5009.99,0.1
1143,8,1,54173.23,47886.41,0.1
1143,88,1,8796.09,7362.91,0.05
1144,22,1,35149.75,30745.45,0
1144,33,2,20346.61,16819.08,0
1145,32,1,30653.42,26506.16,0.15
1145,67,1,6072.48,4555.94,0
1145,71,1,3486.73,2759.88,0.2
1146,12,1,49090.27,36736.87,0.15
1146,47,2,34858.03,29011.4,0.05
1146,81,1,5416.91,3810.51,0.1
1146,101,2,1387.47,1154.55,0
1147,12,1,51374.56,38745.05,0.05
1147,15,2,9124.07,7331.89,0.05
1147,19,1,15542.82,11878.64,0.1
1147,101,2,1488.42,1120.68,0.05
1148,81,2,5325.64,3835.97,0.2
1149,32,1,205815.72,26260.73,0.05
1149,119,3,1987.78,1605.82,0.05
1150,88,2,8186.93,7500.64,0.05
1150,114,1,3096.17,2701.13,0.05
1150,120,4,1860.98,1439.39,0.2
1151,5,1,22858.8,18011.3,0.1
1152,58,0,4466.29,3543.69,0
1152,119,1,1917.4,1657.96,0.05
1153,43,2,10151.55,7429.45,0.15
1153,58,1,4671.67,3421.2,0
1153,64,1,8692.84,6636.1,0.05
1153,96,1,985.29,741.57,0.15
1154,42,1,41270.29,32868.94,0.1
1155,30,1,43434.83,34334.38,0.2
1155,92,1,1898.27,1426.08,0.15
1156,39,1,40933.23,34565.36,0
1156,73,1,2620.65,1870.88,0
1157,72,1,2008.27,1752.29,0.1
1158,35,1,38844.24,30089.18,0.15
1158,67,1,5678.51,4377.24,0
1159,39,1,40657.86,34357.67,0.15
1159,49,1,9079.61,7729.98,0.05
1159,51,1,15778.88,13122.87,0.1
1159,96,1,928.76,696.8,0
1160,57,1,10615.28,8627.14,0.1
1160,62,1,12.87,5660.67,0.05
1160,73,2,2539.27,1907.7,0.2
1160,88,2,8878.6,7097.02,1.5
1161,6,1,35953.07,27523.64,0
1161,11,2,37352.61,30543.69,0
1161,88,2,8159.39,7123.73,0.05
1161,89,1,5602.03,4669.67,0.1
1161,108,2,1835.89,1422.63,0.05
1162,88,1,8421.35,7111.09,0.25
1162,92,3,1900.34,1428.32,0
1162,109,1,524.39,428.33,0.05
1163,46,1,23511.35,18406.44,0.1
1164,16,2,10698.64,8239.45,0
1164,57,2,10979,8676.84,0
1164,88,3,8474.43,6885.68,0.05
1165,7,1,45434.53,37938.06,0.2
1165,29,1,31011.51,24694.35,0.2
1166,35,1,40417.13,30898.13,0.05
1166,67,1,5995.44,13.27,0.2
1166,73,3,2568.64,2008.23,0.25
1166,101,4,1399.32,1097.42,0
1167,120,2,1864.76,1559.67,1.1
1168,39,1,38647.17,31481.72,0
1168,60,1,15916.15,12808.38,0.2
1169,94,2,1336.53,1592.73,0.05
1170,30,1,44345.03,35782.22,0.1
1170,103,2,622.58,493.61,0
1171,24,1,23044.86,16712.01,0.1
1171,26,2,54342.21,45353.3,0.15
1171,54,2,17671.37,14245.79,0.05
1171,76,3,3557.14,2731.19,0.1
1172,18,1,108079.48,22997.18,0.2
1172,89,1,5521.46,7587.05,0.05
1173,18,1,24747.97,29692.85,0.1
1173,105,1,357.29,299.23,0.05
1174,109,2,508.74,447.29,0.15
1174,116,2,2149.02,1619.54,0
1175,58,1,4511.4,3566.24,0.15
1176,28,2,24250.79,17706.49,0.05
1176,43,1,10137.91,7931.67,0.1
1176,44,1,32279.76,25492.85,0.15
1177,27,1,33874.45,29881.79,0.15
1177,54,2,17581.91,15087.81,0.25
1177,108,1,1877.95,1398.39,0.2
1177,113,3,1635.76,1270.08,0.2
1178,45,1,11771.5,10004.75,0
1178,49,1,8935.43,7465.95,0
1178,61,1,5836.2,5167.53,0
1178,64,1,8198.56,6568.03,0.1
1178,113,4,1573.77,1320.07,0.05
1179,15,1,44945.2,7051.26,0.15
1179,27,1,35752.82,28718.4,0
1179,83,1,1325.96,1008.49,0
1179,109,4,530.15,457.25,0.1
1180,54,1,17912.04,14859.72,0.15
1180,115,2,1077.66,923.17,0
1181,11,1,37685.83,29457.56,0.25
1181,51,1,14748.9,13139.77,0.15
1181,96,1,985.29,683.02,0.2
1182,99,1,4656.33,3943.07,NULL
1182,118,1,1241.65,922.01,0
1183,21,1,10499.33,8470.14,0.1
1183,50,2,13768.53,10127.41,0
1184,17,1,6775.64,5620.86,NULL
1184,61,1,5856.83,5071.19,0.2
1184,64,1,8119.01,6572.44,0
1184,76,2,3273.15,2800.27,0.25
1185,30,1,44855.25,37455.08,0
1186,46,-1,22950.78,19225.77,0.1
1186,57,1,10804.36,8539.08,0.05
1186,81,1,5244.33,3829.67,0.2
1186,107,-1,1550.87,1303.15,0.1
1187,26,1,57047.12,46516.22,0
1187,43,1,10780.43,7706.43,0.05
1188,21,1,10673.36,7973.52,0.05
1188,29,2,31817.54,24752.57,0.05
1188,94,2,1255.42,1099.33,0.2
1189,4,1,19021.26,15903.28,0.1
1189,47,1,32812.76,27811.99,0.1
1189,70,1,3915.27,3099.3,0.15
1190,7,1,44000.54,38378.31,0.1
1190,41,1,23867.87,19565.16,0.15
1190,83,1,1361.68,1025.71,0.15
1191,42,1,43654.43,33149.73,0.1
1191,55,1,6499.67,5567.71,0
1191,70,1,4149.96,3093.58,0
1192,36,1,46093.82,41508.11,0
1192,88,3,8667.33,6825.31,0.1
1193,110,33,1355.05,1111.98,0.15
1194,4,0,18211.29,15727.71,0
1194,12,1,51764.31,38307.79,0.05
1194,28,1,24046.34,17816.74,0.05
1195,22,1,37205.7,28538.08,0.05
1196,15,2,9096.9,7491.23,0
1196,42,1,42854.1,51300.08,0.15
1196,92,1,1885.14,1528.68,0.2
1197,34,1,29019.67,22194.63,0.1
1197,44,1,34171.65,27492.11,0
1197,94,3,1317.15,1142.23,0.15
1198,65,1,10024.78,7428.41,1.25
1198,81,3,4967.3,4136.62,0
1198,107,2,1470.87,1239.88,0
1199,81,1,5406.85,4039.86,0
1200,112,4,1090.09,818.94,0.1
