sale_id,product_id,quantity,discount,unit_price,unit_cost
1,4,1,0.15,19059.59,16284.04
1,11,1,0,37366.11,29328.87
1,84,3,0.15,4099.96,3057.64
2,76,1,0,3430.15,2769.65
3,15,1,0.15,8716.42,7172.96
4,32,1,0,31328.71,25759.55
5,118,1,0.15,1198.74,910.08
6,45,1,0.15,12288.95,9920.28
7,74,1,0,2983.21,2320.79
8,118,3,0,1198.74,910.08
9,120,2,0.1,1861.62,1512.43
10,88,2,0,8530.57,7164.7
10,99,1,0.2,4558.37,3844.16
11,29,1,0.05,32511.15,25921.35
11,44,1,0.2,33553.11,26819.15
12,17,1,0,6774.4,5453
12,30,1,0.2,43457.18,35913.46
13,100,4,0,3280.7,2734.71
13,101,3,0.15,1459.15,1135.82
13,103,3,0.05,642.13,517.28
14,23,1,0,23449.3,19546.85
14,75,3,0,3132.72,2420.05
14,94,2,0.25,1307.79,1131.43
15,88,2,0,8530.57,7164.7
16,57,1,0.1,10919.01,8449.42
16,61,1,0.15,6122.69,4930.93
16,88,2,0.2,8530.57,7164.7
16,101,1,0.1,1459.15,1135.82
17,4,1,0.15,19059.59,16284.04
17,20,1,0.15,17899.64,15367.23
17,52,2,0,8639.23,6791.57
18,25,1,0.15,25300.08,21052.74
19,24,1,0,23132.89,17177.19
19,42,1,0.084130435,41592.8,33329.48
19,72,2,0,2022.18,1691.08
19,95,4,0.05,810.49,602.59
20,19,1,0.15,15032.26,12417.54
20,38,2,0.1,24245.73,18469.45
20,40,2,0.05,46147.36,36854.06
20,106,1,0.05,254.07,201.91
21,81,1,0.1,5167.83,3948.66
22,42,1,0.1,41592.8,33329.48
22,96,2,0.1,943.63,713.86
23,10,1,0.1,28984.82,24375.23
23,64,1,0.15,8286.71,6362.4
24,10,1,0,28984.82,24375.23
24,12,2,0.1,50160.12,38153.08
24,40,1,0.05,46147.36,36854.06
24,57,1,0.15,10919.01,8449.42
25,13,1,0.1,67300.5,50244.66
26,88,3,0.2,8530.57,7164.7
27,74,1,0.1,2983.21,2320.79
28,17,1,0.1,6774.4,5453
28,47,1,0.05,33711.86,28748.63
28,95,3,0.05,810.49,602.59
29,5,1,0.084130435,23034.18,18268.86
29,40,1,0.1,46147.36,36854.06
29,101,1,0.05,1459.15,1135.82
30,101,1,0.05,1459.15,1135.82
30,105,1,0.15,369.29,293.25
31,12,1,0.15,50160.12,38153.08
31,17,1,0.05,6774.4,5453
32,18,1,0,25982.69,22325.13
32,19,2,0,15032.26,12417.54
32,71,1,0,3616.71,2805.57
32,92,3,0.1,1964.69,1465.53
33,109,1,0,525.46,445.88
34,89,1,0.15,5504.56,4448.14
35,6,1,0.084130435,34593.4,28061.7
35,10,1,0.2,28984.82,24375.23
35,56,1,0.1,14281.19,10925.54
36,5,2,0,23034.18,18268.86
36,76,1,0,3430.15,2769.65
36,109,5,0.1,525.46,445.88
37,30,76,0.1,43457.18,35913.46
37,88,2,0,8530.57,7164.7
37,120,2,0.05,1861.62,1512.43
38,17,2,0.1,6774.4,5453
38,19,1,0,15032.26,12417.54
38,42,1,0,41592.8,33329.48
39,103,3,0,642.13,517.28
40,83,1,0,1338.95,1016.05
41,21,27,0.1,10769.33,8068.73
41,52,2,0.15,8639.23,6791.57
41,55,61,0.05,6831.22,5452.4
42,10,1,0,28984.82,24375.23
42,63,1,0.15,11424.44,8683.37
43,24,1,0.15,23132.89,17177.19
43,95,1,0,810.49,602.59
44,25,2,0,25300.08,21052.74
44,58,2,0.2,4545.08,3591.57
45,51,2,0.15,15493.11,12939.08
46,5,1,0.2,23034.18,18268.86
46,10,1,0.05,28984.82,24375.23
47,16,2,0.05,10389.79,8227.78
47,75,2,0.25,3132.72,2420.05
48,25,1,0.15,25300.08,21052.74
48,58,1,0.1,4545.08,3591.57
49,96,54,0.2,943.63,713.86
50,19,2,0,15032.26,12417.54
50,60,1,0.2,15649.8,12875.64
50,81,3,0,5167.83,3948.66
50,96,1,0,943.63,713.86
51,19,2,0.1,15032.26,12417.54
51,75,1,0.2,3132.72,2420.05
51,108,2,0.1,1810.57,1441.58
52,117,3,0.084130435,941.78,718.08
52,120,1,0.084130435,1861.62,1512.43
53,4,2,0,19059.59,16284.04
53,59,2,0.15,10639.98,8184.85
53,64,1,0,8286.71,6362.4
53,84,1,0.15,4099.96,3057.64
54,39,1,0.05,40056.63,33032.66
54,54,1,0.15,17754.88,14616.31
54,100,1,0,3280.7,2734.71
55,84,3,0,4099.96,3057.64
56,18,1,0.1,25982.69,22325.13
56,30,1,0.05,43457.18,35913.46
57,42,1,0,41592.8,33329.48
57,73,1,0.25,2594.94,1956.68
57,101,2,0.05,1459.15,1135.82
58,11,2,0,37366.11,29328.87
58,23,1,0.1,23449.3,19546.85
58,78,3,0,18441.07,15373.23
59,38,1,0.1,24245.73,18469.45
59,57,1,0,10919.01,8449.42
60,113,4,0.15,1569.91,1277.81
61,76,2,0.1,3430.15,2769.65
61,95,1,0.2,810.49,602.59
62,17,1,0.2,6774.4,5453
62,51,1,0.05,15493.11,12939.08
63,17,2,0,6774.4,5453
63,47,2,0,33711.86,28748.63
63,119,1,0.15,1955.14,1590.52
64,89,3,0.05,5504.56,4448.14
64,99,3,0,4558.37,3844.16
64,110,1,0.25,1359.5,1110.25
65,17,1,0,6774.4,5453
65,105,2,0.1,369.29,293.25
66,4,1,0.15,19059.59,16284.04
66,35,1,0,40351.44,30761.63
66,36,2,0.084130435,46415.07,39576.59
66,53,1,0.2,10777.52,8220.29
66,70,2,0.2,3986.1,3200.76
67,6,1,0.15,34593.4,28061.7
67,30,76,0.25,43457.18,35913.46
67,96,3,0.1,943.63,713.86
68,17,1,0.15,6774.4,5453
68,70,1,0.2,3986.1,3200.76
69,106,2,0.1,254.07,201.91
70,49,1,0.05,8760.67,7484.66
71,70,2,0.1,3986.1,3200.76
71,93,4,0.05,1606.51,1366.79
72,67,1,0,5963.33,4499.54
73,57,1,0.05,10919.01,8449.42
74,56,2,0.1,14281.19,10925.54
74,75,2,0.1,3132.72,2420.05
75,73,1,0,2594.94,1956.68
76,7,1,0.1,43638.93,36859.8
76,18,1,0,25982.69,22325.13
76,43,1,0.25,10452.57,7798.28
76,54,1,0.084130435,17754.88,14616.31
78,6,1,0.1,34593.4,28061.7
78,16,1,0.2,10389.79,8227.78
78,27,1,0.15,34727.99,30069.8
79,12,1,0.1,50160.12,38153.08
79,46,1,0,22745.35,18876.27
80,17,2,0.25,6774.4,5453
80,57,1,0.05,10919.01,8449.42
80,82,3,0.15,6597.27,5199.67
80,105,1,0.05,369.29,293.25
80,120,2,0.05,1861.62,1512.43
81,100,1,0.1,3280.7,2734.71
82,8,1,0.1,54416.24,46147.25
82,30,1,0,43457.18,35913.46
83,17,1,0.05,6774.4,5453
83,44,2,0.1,33553.11,26819.15
83,45,1,0,12288.95,9920.28
83,47,1,0,33711.86,28748.63
83,51,1,0.084130435,15493.11,12939.08
84,72,1,0.1,2022.18,1691.08
84,73,3,0.15,2594.94,1956.68
84,110,1,0.2,1359.5,1110.25
85,4,1,0,19059.59,16284.04
85,18,1,0.1,25982.69,22325.13
85,35,1,0.1,40351.44,30761.63
85,47,1,0.05,33711.86,28748.63
86,101,2,0.05,1459.15,1135.82
87,77,1,0.05,3869,3051.47
88,51,2,0.05,15493.11,12939.08
88,95,3,0.2,810.49,602.59
88,96,1,0.1,943.63,713.86
89,19,1,0,15032.26,12417.54
89,44,1,0,33553.11,26819.15
89,83,1,0,1338.95,1016.05
90,38,1,0.25,24245.73,18469.45
90,47,1,0.05,33711.86,28748.63
90,77,1,0.1,3869,3051.47
91,5,1,0.05,23034.18,18268.86
91,18,1,0.25,25982.69,22325.13
91,55,1,0,6831.22,5452.4
92,5,1,0.2,23034.18,18268.86
92,20,2,0.05,17899.64,15367.23
93,17,1,0.15,6774.4,5453
93,39,2,0.05,40056.63,33032.66
93,107,1,0.05,1478.47,1285.3
93,115,5,0,1119.73,946.62
94,61,1,0.1,6122.69,4930.93
95,61,2,0.084130435,6122.69,4930.93
95,90,1,0,5651.34,4568.97
96,24,1,0.05,23132.89,17177.19
97,32,1,0.1,31328.71,25759.55
97,64,1,0.05,8286.71,6362.4
97,117,1,0.05,941.78,718.08
98,46,2,0.1,22745.35,18876.27
98,120,69,0.1,1861.62,1512.43
99,24,1,0,23132.89,17177.19
100,54,1,0.25,17754.88,14616.31
100,62,2,0.15,6880.13,5595.68
101,60,1,0.15,15649.8,12875.64
101,105,1,0.15,369.29,293.25
102,33,2,0,20799.96,17519.04
102,106,1,0.25,254.07,201.91
103,55,2,0.1,6831.22,5452.4
104,25,1,0.2,25300.08,21052.74
104,34,1,0.05,28176.66,22798.3
104,44,1,0.05,33553.11,26819.15
105,47,2,0.084130435,33711.86,28748.63
105,101,1,0.084130435,1459.15,1135.82
105,120,3,0.1,1861.62,1512.43
106,50,2,0.2,14093.3,10657.04
107,10,2,0.05,28984.82,24375.23
108,57,1,0.2,10919.01,8449.42
109,5,1,0.1,23034.18,18268.86
110,18,1,0.25,25982.69,22325.13
110,35,1,0.15,40351.44,30761.63
110,43,1,0,10452.57,7798.28
110,81,1,0.25,5167.83,3948.66
110,85,2,0,11775.25,8823.61
111,88,2,0,8530.57,7164.7
111,101,3,0.15,1459.15,1135.82
112,72,1,0,2022.18,1691.08
112,75,1,0.05,3132.72,2420.05
112,92,1,0.05,1964.69,1465.53
112,101,1,0,1459.15,1135.82
113,99,1,0.25,4558.37,3844.16
114,11,1,0,37366.11,29328.87
114,96,1,0,943.63,713.86
115,33,2,0.05,20799.96,17519.04
115,47,1,0.05,33711.86,28748.63
115,99,1,0,4558.37,3844.16
115,112,2,0.25,1086.02,808.75
116,17,1,0.1,6774.4,5453
116,75,1,0.05,3132.72,2420.05
116,107,1,0.1,1478.47,1285.3
117,30,1,0.15,43457.18,35913.46
118,64,1,0,8286.71,6362.4
118,99,2,0,4558.37,3844.16
119,34,1,0.15,28176.66,22798.3
119,57,1,0.1,10919.01,8449.42
120,1,37,0.15,7820.51,6378.81
120,7,1,0.05,43638.93,36859.8
120,39,1,0.15,40056.63,33032.66
120,57,1,0,10919.01,8449.42
121,15,1,0.15,8716.42,7172.96
121,32,2,0.05,31328.71,25759.55
121,43,2,0.05,10452.57,7798.28
121,101,4,0,1459.15,1135.82
122,45,2,0.15,12288.95,9920.28
122,57,1,0.1,10919.01,8449.42
122,73,3,0.15,2594.94,1956.68
122,78,1,0,18441.07,15373.23
122,83,1,0,1338.95,1016.05
123,95,2,0,810.49,602.59
124,43,1,0,10452.57,7798.28
124,49,1,0.15,8760.67,7484.66
124,57,1,0.15,10919.01,8449.42
124,115,1,0.05,1119.73,946.62
125,26,1,0,56726.38,47501.32
125,54,1,0.05,17754.88,14616.31
125,75,1,0.1,3132.72,2420.05
125,102,1,0.1,762.95,613.79
125,106,2,0.05,254.07,201.91
126,84,1,0.084130435,4099.96,3057.64
127,34,1,0,28176.66,22798.3
128,17,1,0.05,6774.4,5453
128,32,56,0.05,31328.71,25759.55
128,58,1,0,4545.08,3591.57
128,101,2,0.05,1459.15,1135.82
129,4,1,0.15,19059.59,16284.04
129,60,1,0.25,15649.8,12875.64
129,69,1,0.1,1939.08,1490.4
130,17,1,0.15,6774.4,5453
130,58,2,0,4545.08,3591.57
130,92,1,0.15,1964.69,1465.53
130,119,1,0,1955.14,1590.52
131,58,1,0.05,4545.08,3591.57
132,1,2,0,7820.51,6378.81
132,35,2,0.15,40351.44,30761.63
132,74,2,0.05,2983.21,2320.79
132,119,1,0.05,1955.14,1590.52
133,10,1,0.05,28984.82,24375.23
133,29,1,0.084130435,32511.15,25921.35
134,10,2,0.2,28984.82,24375.23
135,95,4,0.1,810.49,602.59
136,11,1,0.1,37366.11,29328.87
136,43,1,0.1,10452.57,7798.28
136,116,1,0,2142.99,1643.31
137,18,1,0.05,25982.69,22325.13
137,99,2,0,4558.37,3844.16
138,42,1,0.05,41592.8,33329.48
138,111,4,0.15,1247.24,976.36
139,10,1,0.1,28984.82,24375.23
139,19,1,0,15032.26,12417.54
140,30,1,0.05,43457.18,35913.46
140,60,1,0,15649.8,12875.64
140,116,2,0.1,2142.99,1643.31
141,63,1,0,11424.44,8683.37
142,8,2,0,54416.24,46147.25
142,96,2,0.25,943.63,713.86
142,101,4,0,1459.15,1135.82
142,120,5,0.25,1861.62,1512.43
143,30,1,0.1,43457.18,35913.46
143,64,1,0.1,8286.71,6362.4
144,120,1,0.15,1861.62,1512.43
145,109,5,0.25,525.46,445.88
146,58,1,0,4545.08,3591.57
146,120,2,0.15,1861.62,1512.43
147,21,2,0,10769.33,8068.73
147,30,1,0.15,43457.18,35913.46
147,74,1,0.084130435,2983.21,2320.79
147,76,1,0.05,3430.15,2769.65
148,28,1,0,24863.02,18580.35
148,73,1,0.15,2594.94,1956.68
149,5,1,0,23034.18,18268.86
149,48,1,0.1,31451.42,24168.17
150,46,1,0.15,22745.35,18876.27
150,111,43,0.05,1247.24,976.36
150,120,3,0.2,1861.62,1512.43
151,65,1,0.1,9653.18,7226.05
151,114,1,0.15,3218.92,2763.17
152,30,1,0,43457.18,35913.46
152,43,1,0.2,10452.57,7798.28
152,75,1,0.1,3132.72,2420.05
153,6,1,0.05,34593.4,28061.7
153,23,1,0.1,23449.3,19546.85
153,34,1,0.084130435,28176.66,22798.3
153,105,3,0,369.29,293.25
153,114,5,0.2,3218.92,2763.17
154,47,1,0,33711.86,28748.63
154,54,1,0.2,17754.88,14616.31
154,94,2,0,1307.79,1131.43
155,26,1,0,56726.38,47501.32
156,47,1,0.2,33711.86,28748.63
156,57,1,0.1,10919.01,8449.42
156,99,2,0,4558.37,3844.16
156,101,1,0,1459.15,1135.82
156,113,1,0.1,1569.91,1277.81
157,1,1,0.05,7820.51,6378.81
157,17,1,0.1,6774.4,5453
157,92,1,0.25,1964.69,1465.53
158,29,2,0.084130435,32511.15,25921.35
158,37,1,0.15,42724.86,33581.82
159,76,2,0.15,3430.15,2769.65
160,37,59,0.2,42724.86,33581.82
160,40,1,0.25,46147.36,36854.06
160,47,2,0,33711.86,28748.63
160,84,2,0.05,4099.96,3057.64
161,12,1,0.25,50160.12,38153.08
161,67,1,0.15,5963.33,4499.54
161,76,1,0.15,3430.15,2769.65
162,7,1,0.15,43638.93,36859.8
162,32,1,0,31328.71,25759.55
162,70,1,0.084130435,3986.1,3200.76
163,44,1,0.15,33553.11,26819.15
163,101,2,0.15,1459.15,1135.82
163,112,2,0.2,1086.02,808.75
164,33,1,0.25,20799.96,17519.04
164,99,3,0.15,4558.37,3844.16
164,103,1,0.05,642.13,517.28
165,88,2,0.2,8530.57,7164.7
166,45,1,0.05,12288.95,9920.28
166,57,1,0.15,10919.01,8449.42
167,5,1,0.15,23034.18,18268.86
167,101,4,0.05,1459.15,1135.82
168,29,1,0.25,32511.15,25921.35
168,83,1,0.1,1338.95,1016.05
168,100,2,0.2,3280.7,2734.71
169,24,1,0.1,23132.89,17177.19
170,17,33,0.2,6774.4,5453
170,46,1,0.05,22745.35,18876.27
170,105,2,0.15,369.29,293.25
171,30,2,0,43457.18,35913.46
171,64,1,0,8286.71,6362.4
171,73,2,0,2594.94,1956.68
171,101,1,0.05,1459.15,1135.82
172,40,1,0.05,46147.36,36854.06
172,47,1,0.05,33711.86,28748.63
172,73,1,0.15,2594.94,1956.68
172,88,2,0.084130435,8530.57,7164.7
173,113,2,0.1,1569.91,1277.81
174,24,1,0.05,23132.89,17177.19
174,47,2,0,33711.86,28748.63
174,73,1,0.084130435,2594.94,1956.68
174,88,1,0,8530.57,7164.7
175,119,1,0.05,1955.14,1590.52
176,47,1,0.084130435,33711.86,28748.63
176,83,1,0.05,1338.95,1016.05
176,88,1,0,8530.57,7164.7
177,70,1,0,3986.1,3200.76
178,114,1,0,3218.92,2763.17
179,32,1,0,31328.71,25759.55
179,70,1,0.25,3986.1,3200.76
179,73,1,0.1,2594.94,1956.68
179,75,2,0.1,3132.72,2420.05
180,70,3,0.2,3986.1,3200.76
181,16,2,0.15,10389.79,8227.78
181,19,2,0,15032.26,12417.54
182,67,1,0,5963.33,4499.54
182,78,1,0.25,18441.07,15373.23
182,82,2,0,6597.27,5199.67
183,46,1,0.084130435,22745.35,18876.27
183,101,4,0,1459.15,1135.82
184,4,1,0.2,19059.59,16284.04
184,14,1,0.15,81785.8,67687.25
184,49,74,0,8760.67,7484.66
185,4,1,0,19059.59,16284.04
185,67,1,0,5963.33,4499.54
185,72,1,0.2,2022.18,1691.08
186,4,1,0,19059.59,16284.04
186,88,1,0,8530.57,7164.7
187,10,1,0.15,28984.82,24375.23
188,70,2,0,3986.1,3200.76
189,114,4,0.15,3218.92,2763.17
190,24,1,0.1,23132.89,17177.19
190,62,1,0.2,6880.13,5595.68
190,72,1,0.05,2022.18,1691.08
190,101,3,0.15,1459.15,1135.82
190,112,2,0,1086.02,808.75
191,76,1,0.15,3430.15,2769.65
191,95,1,0.05,810.49,602.59
191,108,2,0.1,1810.57,1441.58
192,75,1,0.15,3132.72,2420.05
192,113,1,0.05,1569.91,1277.81
193,5,1,0,23034.18,18268.86
193,36,1,0.2,46415.07,39576.59
194,16,1,0,10389.79,8227.78
194,31,1,0,35560.46,30062.84
194,47,1,0.2,33711.86,28748.63
194,75,2,0.1,3132.72,2420.05
195,38,1,0.1,24245.73,18469.45
196,42,2,0.05,41592.8,33329.48
196,43,1,0.2,10452.57,7798.28
196,60,2,0.15,15649.8,12875.64
197,42,2,0,41592.8,33329.48
197,57,1,0.1,10919.01,8449.42
197,113,2,0,1569.91,1277.81
198,77,1,0.1,3869,3051.47
198,101,1,0.1,1459.15,1135.82
198,103,3,0.15,642.13,517.28
199,24,1,0,23132.89,17177.19
200,2,1,0,10411.61,8926.22
200,17,1,0.1,6774.4,5453
200,21,1,0,10769.33,8068.73
200,84,3,0,4099.96,3057.64
201,16,1,0,10389.79,8227.78
201,28,1,0.25,24863.02,18580.35
201,42,1,0,41592.8,33329.48
201,58,1,0.1,4545.08,3591.57
201,70,1,0.05,3986.1,3200.76
202,61,1,0.1,6122.69,4930.93
202,81,1,0.2,5167.83,3948.66
202,82,2,0.1,6597.27,5199.67
203,17,1,0.1,6774.4,5453
203,42,2,0,41592.8,33329.48
203,70,1,0.05,3986.1,3200.76
204,5,1,0.084130435,23034.18,18268.86
204,11,2,0.15,37366.11,29328.87
204,47,1,0.1,33711.86,28748.63
204,57,1,0.1,10919.01,8449.42
204,96,3,0.1,943.63,713.86
205,55,1,0,6831.22,5452.4
205,101,1,0.15,1459.15,1135.82
206,103,4,0.05,642.13,517.28
207,11,26,0,37366.11,29328.87
207,45,1,0.2,12288.95,9920.28
207,99,1,0.1,4558.37,3844.16
208,11,2,0.05,37366.11,29328.87
208,75,3,0.1,3132.72,2420.05
208,118,1,0.05,1198.74,910.08
209,28,1,0.05,24863.02,18580.35
209,39,1,0.05,40056.63,33032.66
210,52,1,0,8639.23,6791.57
210,75,1,0,3132.72,2420.05
210,85,1,0.1,11775.25,8823.61
211,11,1,0.15,37366.11,29328.87
211,63,1,0.1,11424.44,8683.37
211,65,1,0.084130435,9653.18,7226.05
211,92,3,0.1,1964.69,1465.53
211,99,3,0.15,4558.37,3844.16
212,70,1,0.05,3986.1,3200.76
212,88,2,0.1,8530.57,7164.7
212,89,2,0,5504.56,4448.14
212,107,47,0.2,1478.47,1285.3
212,109,1,0.05,525.46,445.88
213,30,1,0.05,43457.18,35913.46
214,109,2,0,525.46,445.88
215,12,1,0.084130435,50160.12,38153.08
215,45,1,0.2,12288.95,9920.28
215,81,1,0.1,5167.83,3948.66
215,100,2,0.05,3280.7,2734.71
216,24,1,0.15,23132.89,17177.19
216,27,1,0,34727.99,30069.8
216,32,1,0,31328.71,25759.55
216,81,2,0.15,5167.83,3948.66
217,81,1,0.05,5167.83,3948.66
218,6,1,0.05,34593.4,28061.7
218,7,2,0,43638.93,36859.8
218,30,2,0.2,43457.18,35913.46
218,64,2,0.15,8286.71,6362.4
218,106,1,0.2,254.07,201.91
219,11,2,0.2,37366.11,29328.87
219,15,2,0,8716.42,7172.96
219,65,1,0.15,9653.18,7226.05
219,120,1,0.05,1861.62,1512.43
220,5,1,0.1,23034.18,18268.86
220,17,2,0.084130435,6774.4,5453
220,43,1,0,10452.57,7798.28
221,73,2,0.1,2594.94,1956.68
221,90,2,0.2,5651.34,4568.97
221,92,1,0.15,1964.69,1465.53
222,66,1,0.15,15460.09,12005.8
222,67,2,0.15,5963.33,4499.54
223,45,1,0.1,12288.95,9920.28
224,41,2,0.25,23315.37,18692.16
224,112,2,0,1086.02,808.75
225,68,1,0.1,5186.61,3897.48
225,75,1,0.084130435,3132.72,2420.05
225,84,1,0.2,4099.96,3057.64
225,99,2,0.1,4558.37,3844.16
226,80,2,0.1,12600.56,9910.89
227,19,1,0.15,15032.26,12417.54
227,33,1,0.084130435,20799.96,17519.04
228,51,2,0,15493.11,12939.08
228,77,1,0.15,3869,3051.47
229,71,3,0.15,3616.71,2805.57
229,81,3,0.084130435,5167.83,3948.66
230,19,1,0,15032.26,12417.54
230,33,63,0.2,20799.96,17519.04
230,46,1,0.05,22745.35,18876.27
230,57,2,0.1,10919.01,8449.42
230,64,1,0,8286.71,6362.4
231,107,3,0,1478.47,1285.3
232,104,1,0.15,286.65,239.17
232,107,1,0.15,1478.47,1285.3
233,6,1,0.15,34593.4,28061.7
233,108,1,0.05,1810.57,1441.58
233,120,2,0.25,1861.62,1512.43
234,11,2,0.2,37366.11,29328.87
234,119,5,0,1955.14,1590.52
235,11,1,0,37366.11,29328.87
235,45,1,0,12288.95,9920.28
236,15,1,0.25,8716.42,7172.96
236,21,2,0.25,10769.33,8068.73
237,50,1,0.15,14093.3,10657.04
238,40,1,0,46147.36,36854.06
239,17,1,0,6774.4,5453
239,30,1,0.15,43457.18,35913.46
239,42,1,0.05,41592.8,33329.48
240,19,1,0.1,15032.26,12417.54
240,105,1,0.05,369.29,293.25
241,18,1,0.05,25982.69,22325.13
241,57,1,0.084130435,10919.01,8449.42
241,66,1,0.15,15460.09,12005.8
241,73,1,0.15,2594.94,1956.68
241,99,1,0.05,4558.37,3844.16
242,64,1,0.2,8286.71,6362.4
242,76,1,0.1,3430.15,2769.65
243,101,1,0,1459.15,1135.82
243,107,2,0.05,1478.47,1285.3
243,120,2,0.15,1861.62,1512.43
244,43,1,0.15,10452.57,7798.28
244,101,1,0.05,1459.15,1135.82
244,103,1,0,642.13,517.28
245,114,1,0.1,3218.92,2763.17
246,57,1,0.1,10919.01,8449.42
246,66,1,0.1,15460.09,12005.8
246,74,1,0.1,2983.21,2320.79
247,24,1,0,23132.89,17177.19
248,24,1,0,23132.89,17177.19
248,34,1,0.084130435,28176.66,22798.3
248,101,1,0.15,1459.15,1135.82
248,112,2,0.15,1086.02,808.75
248,119,3,0,1955.14,1590.52
249,77,1,0,3869,3051.47
250,30,2,0.15,43457.18,35913.46
250,105,1,0,369.29,293.25
251,73,2,0.084130435,2594.94,1956.68
252,15,2,0.05,8716.42,7172.96
252,42,1,0,41592.8,33329.48
252,52,1,0,8639.23,6791.57
252,55,1,0.15,6831.22,5452.4
252,111,1,0.05,1247.24,976.36
253,49,1,0.05,8760.67,7484.66
253,70,3,0,3986.1,3200.76
253,120,1,0,1861.62,1512.43
254,41,2,0.1,23315.37,18692.16
254,57,1,0,10919.01,8449.42
254,72,1,0.1,2022.18,1691.08
255,49,2,0,8760.67,7484.66
256,5,1,0,23034.18,18268.86
256,8,2,0.05,54416.24,46147.25
256,30,1,0.05,43457.18,35913.46
256,51,1,0,15493.11,12939.08
257,17,1,0.1,6774.4,5453
257,88,2,0,8530.57,7164.7
258,5,2,0.1,23034.18,18268.86
258,11,1,0,37366.11,29328.87
258,45,1,0,12288.95,9920.28
258,112,26,0.1,1086.02,808.75
259,32,1,0.15,31328.71,25759.55
259,112,2,0.1,1086.02,808.75
261,33,1,0.25,20799.96,17519.04
262,4,1,0.1,19059.59,16284.04
262,84,3,0.084130435,4099.96,3057.64
263,12,2,0.2,50160.12,38153.08
263,41,1,0.05,23315.37,18692.16
263,50,1,0.084130435,14093.3,10657.04
264,112,1,0,1086.02,808.75
265,19,1,0.15,15032.26,12417.54
265,21,1,0.1,10769.33,8068.73
265,69,1,0.05,1939.08,1490.4
265,118,3,0.1,1198.74,910.08
266,100,1,0,3280.7,2734.71
266,109,3,0,525.46,445.88
267,47,1,0.1,33711.86,28748.63
267,76,3,0.2,3430.15,2769.65
267,107,1,0,1478.47,1285.3
268,24,1,0.15,23132.89,17177.19
268,41,1,0.15,23315.37,18692.16
269,34,1,0.05,28176.66,22798.3
269,60,1,0,15649.8,12875.64
270,17,1,0.1,6774.4,5453
270,21,2,0.05,10769.33,8068.73
270,63,2,0.15,11424.44,8683.37
271,64,1,0.2,8286.71,6362.4
272,46,1,0,22745.35,18876.27
273,65,1,0,9653.18,7226.05
273,98,4,0,336.47,254.4
273,101,1,0,1459.15,1135.82
274,15,1,0.25,8716.42,7172.96
274,22,1,0.05,36600.48,29953.6
274,60,2,0.25,15649.8,12875.64
274,64,1,0,8286.71,6362.4
274,75,1,0.2,3132.72,2420.05
275,52,65,0.1,8639.23,6791.57
275,81,1,0.1,5167.83,3948.66
276,43,2,0.15,10452.57,7798.28
277,42,1,0,41592.8,33329.48
277,54,2,0.084130435,17754.88,14616.31
278,28,1,0.05,24863.02,18580.35
278,101,1,0.15,1459.15,1135.82
279,52,1,0.2,8639.23,6791.57
280,17,2,0.1,6774.4,5453
281,6,1,0.25,34593.4,28061.7
281,54,1,0.15,17754.88,14616.31
281,60,1,0,15649.8,12875.64
282,11,1,0.2,37366.11,29328.87
282,17,1,0.1,6774.4,5453
282,47,1,0,33711.86,28748.63
283,47,2,0.15,33711.86,28748.63
284,44,1,0.05,33553.11,26819.15
284,72,1,0,2022.18,1691.08
285,75,1,0,3132.72,2420.05
285,77,1,0.084130435,3869,3051.47
286,7,2,0.1,43638.93,36859.8
286,101,1,0,1459.15,1135.82
287,29,1,0.15,32511.15,25921.35
288,116,1,0.2,2142.99,1643.31
289,45,1,0.15,12288.95,9920.28
289,73,2,0.15,2594.94,1956.68
289,110,3,0.05,1359.5,1110.25
289,113,3,0.1,1569.91,1277.81
290,61,2,0.05,6122.69,4930.93
291,30,1,0.05,43457.18,35913.46
291,110,2,0.05,1359.5,1110.25
292,7,1,0.25,43638.93,36859.8
292,32,2,0.05,31328.71,25759.55
293,88,1,0.1,8530.57,7164.7
294,99,1,0.15,4558.37,3844.16
294,113,1,0.25,1569.91,1277.81
295,5,1,0,23034.18,18268.86
295,70,3,0,3986.1,3200.76
295,75,2,0,3132.72,2420.05
296,20,1,0,17899.64,15367.23
296,38,1,0.05,24245.73,18469.45
296,47,1,0.05,33711.86,28748.63
296,63,1,0.2,11424.44,8683.37
297,21,1,0.2,10769.33,8068.73
297,29,2,0.05,32511.15,25921.35
297,70,3,0,3986.1,3200.76
297,76,1,0.15,3430.15,2769.65
298,7,1,0.084130435,43638.93,36859.8
298,8,1,0.05,54416.24,46147.25
299,4,1,0.1,19059.59,16284.04
299,38,1,0,24245.73,18469.45
299,95,1,0.25,810.49,602.59
300,32,1,0,31328.71,25759.55
300,83,3,0.05,1338.95,1016.05
301,47,2,0,33711.86,28748.63
301,101,1,0.15,1459.15,1135.82
302,15,1,0.15,8716.42,7172.96
302,41,1,0.05,23315.37,18692.16
302,51,1,0.05,15493.11,12939.08
302,112,4,0,1086.02,808.75
303,46,1,0,22745.35,18876.27
304,64,2,0.084130435,8286.71,6362.4
305,19,1,0.05,15032.26,12417.54
305,33,1,0,20799.96,17519.04
306,6,1,0.084130435,34593.4,28061.7
307,24,1,0,23132.89,17177.19
308,107,1,0,1478.47,1285.3
308,108,1,0,1810.57,1441.58
309,77,2,0.15,3869,3051.47
309,101,1,0,1459.15,1135.82
310,32,1,0.1,31328.71,25759.55
310,43,1,0.25,10452.57,7798.28
310,77,3,0.15,3869,3051.47
310,88,1,0.25,8530.57,7164.7
311,34,1,0.1,28176.66,22798.3
311,53,2,0,10777.52,8220.29
311,73,3,0.1,2594.94,1956.68
311,105,1,0.05,369.29,293.25
312,64,2,0,8286.71,6362.4
312,101,3,0,1459.15,1135.82
313,107,1,0,1478.47,1285.3
313,120,3,0,1861.62,1512.43
314,15,1,0.084130435,8716.42,7172.96
314,105,1,0.25,369.29,293.25
315,40,1,0.1,46147.36,36854.06
315,68,1,0.15,5186.61,3897.48
315,77,2,0.05,3869,3051.47
316,29,1,0.1,32511.15,25921.35
316,81,2,0,5167.83,3948.66
317,10,2,0,28984.82,24375.23
317,17,1,0.05,6774.4,5453
317,70,1,0.2,3986.1,3200.76
318,40,1,0,46147.36,36854.06
318,52,1,0,8639.23,6791.57
319,47,1,0.1,33711.86,28748.63
319,73,2,0,2594.94,1956.68
320,8,1,0.1,54416.24,46147.25
320,117,4,0.1,941.78,718.08
321,14,2,0.05,81785.8,67687.25
322,18,2,0.15,25982.69,22325.13
322,35,2,0,40351.44,30761.63
322,58,1,0,4545.08,3591.57
322,81,1,0.1,5167.83,3948.66
322,84,2,0.1,4099.96,3057.64
323,4,1,0.084130435,19059.59,16284.04
323,68,1,0.05,5186.61,3897.48
323,73,1,0.1,2594.94,1956.68
323,88,3,0.2,8530.57,7164.7
324,75,1,0.05,3132.72,2420.05
325,1,2,0.1,7820.51,6378.81
325,17,1,0.2,6774.4,5453
325,88,2,0.084130435,8530.57,7164.7
325,94,1,0,1307.79,1131.43
326,12,1,0,50160.12,38153.08
326,58,1,0.1,4545.08,3591.57
326,64,1,0.05,8286.71,6362.4
327,15,1,0.2,8716.42,7172.96
327,23,2,0.1,23449.3,19546.85
327,50,1,0.05,14093.3,10657.04
327,120,4,0.05,1861.62,1512.43
328,17,2,0.05,6774.4,5453
328,39,1,0.15,40056.63,33032.66
328,77,2,0,3869,3051.47
328,78,2,0.084130435,18441.07,15373.23
329,88,2,0,8530.57,7164.7
330,5,1,0.05,23034.18,18268.86
331,72,1,0.084130435,2022.18,1691.08
331,102,4,0,762.95,613.79
332,54,1,0,17754.88,14616.31
332,66,1,0,15460.09,12005.8
333,29,1,0,32511.15,25921.35
333,62,1,0.05,6880.13,5595.68
333,66,1,0.15,15460.09,12005.8
334,38,1,0.2,24245.73,18469.45
335,99,2,0.15,4558.37,3844.16
336,24,1,0.15,23132.89,17177.19
336,43,1,0.1,10452.57,7798.28
336,53,1,0.05,10777.52,8220.29
336,74,1,0.2,2983.21,2320.79
337,40,2,0,46147.36,36854.06
337,46,2,0.05,22745.35,18876.27
337,82,1,0.05,6597.27,5199.67
337,89,1,0.05,5504.56,4448.14
338,20,1,0.05,17899.64,15367.23
338,57,2,0.05,10919.01,8449.42
338,75,1,0.2,3132.72,2420.05
339,47,1,0.1,33711.86,28748.63
340,50,1,0.15,14093.3,10657.04
340,75,3,0.1,3132.72,2420.05
341,115,1,0.05,1119.73,946.62
342,17,1,0.05,6774.4,5453
342,41,1,0.2,23315.37,18692.16
342,46,1,0.1,22745.35,18876.27
342,66,1,0,15460.09,12005.8
342,70,1,0,3986.1,3200.76
343,99,2,0,4558.37,3844.16
344,46,1,0,22745.35,18876.27
344,64,1,0,8286.71,6362.4
344,109,1,0.05,525.46,445.88
345,113,3,0.1,1569.91,1277.81
346,12,2,0,50160.12,38153.08
346,54,45,0,17754.88,14616.31
346,101,2,0.15,1459.15,1135.82
347,105,1,0.15,369.29,293.25
347,119,1,0.05,1955.14,1590.52
348,58,1,0.15,4545.08,3591.57
348,66,2,0,15460.09,12005.8
348,77,77,0,3869,3051.47
348,113,5,0,1569.91,1277.81
349,17,1,0.05,6774.4,5453
349,50,1,0.1,14093.3,10657.04
350,109,1,0,525.46,445.88
351,50,1,0.15,14093.3,10657.04
352,42,65,0.25,41592.8,33329.48
352,64,1,0.1,8286.71,6362.4
352,67,1,0.1,5963.33,4499.54
352,97,2,0.1,686.28,534.14
352,101,3,0.1,1459.15,1135.82
353,10,1,0.05,28984.82,24375.23
353,24,1,0.1,23132.89,17177.19
353,64,1,0.1,8286.71,6362.4
353,70,1,0,3986.1,3200.76
354,8,2,0,54416.24,46147.25
354,24,1,0.1,23132.89,17177.19
354,45,1,0.05,12288.95,9920.28
355,10,2,0.1,28984.82,24375.23
355,11,2,0,37366.11,29328.87
355,57,1,0.1,10919.01,8449.42
356,7,1,0.2,43638.93,36859.8
356,15,1,0.1,8716.42,7172.96
356,24,1,0,23132.89,17177.19
357,12,1,0,50160.12,38153.08
358,17,1,0.2,6774.4,5453
358,30,1,0,43457.18,35913.46
358,43,1,0.1,10452.57,7798.28
358,58,1,0.05,4545.08,3591.57
358,120,2,0.05,1861.62,1512.43
359,47,1,0,33711.86,28748.63
359,57,1,0.05,10919.01,8449.42
360,70,1,0,3986.1,3200.76
360,115,3,0.05,1119.73,946.62
361,15,1,0.1,8716.42,7172.96
361,24,1,0.084130435,23132.89,17177.19
362,42,1,0.25,41592.8,33329.48
363,30,2,0.15,43457.18,35913.46
364,29,1,0.15,32511.15,25921.35
364,46,1,0.15,22745.35,18876.27
364,47,1,0.1,33711.86,28748.63
364,120,4,0.15,1861.62,1512.43
365,105,1,0.1,369.29,293.25
366,18,1,0.1,25982.69,22325.13
366,47,48,0,33711.86,28748.63
366,64,1,0.05,8286.71,6362.4
367,17,2,0.2,6774.4,5453
367,19,2,0.25,15032.26,12417.54
368,26,1,0.05,56726.38,47501.32
368,42,1,0.05,41592.8,33329.48
369,65,1,0.1,9653.18,7226.05
369,68,1,0.05,5186.61,3897.48
370,26,1,0.05,56726.38,47501.32
370,88,2,0.1,8530.57,7164.7
371,31,1,0.15,35560.46,30062.84
371,64,1,0,8286.71,6362.4
371,81,2,0.05,5167.83,3948.66
372,47,1,0.1,33711.86,28748.63
373,4,1,0.1,19059.59,16284.04
373,34,1,0.15,28176.66,22798.3
373,57,2,0,10919.01,8449.42
374,14,1,0.1,81785.8,67687.25
374,54,1,0.1,17754.88,14616.31
375,24,1,0.2,23132.89,17177.19
375,108,1,0.2,1810.57,1441.58
376,49,1,0.05,8760.67,7484.66
376,70,2,0,3986.1,3200.76
376,88,2,0.1,8530.57,7164.7
376,99,1,0,4558.37,3844.16
376,110,1,0.1,1359.5,1110.25
377,12,1,0,50160.12,38153.08
377,13,1,0.05,67300.5,50244.66
377,22,2,0,36600.48,29953.6
378,75,2,0.084130435,3132.72,2420.05
378,77,1,0,3869,3051.47
379,107,2,0.1,1478.47,1285.3
380,76,3,0.25,3430.15,2769.65
380,78,2,0,18441.07,15373.23
381,7,1,0,43638.93,36859.8
381,29,2,0.1,32511.15,25921.35
381,106,4,0,254.07,201.91
382,77,1,0.15,3869,3051.47
383,39,1,0.2,40056.63,33032.66
383,47,1,0.15,33711.86,28748.63
383,89,1,0.25,5504.56,4448.14
384,80,2,0.15,12600.56,9910.89
384,92,1,0,1964.69,1465.53
384,117,2,0,941.78,718.08
385,57,1,0.05,10919.01,8449.42
386,29,2,0.05,32511.15,25921.35
386,74,1,0,2983.21,2320.79
386,88,1,0.15,8530.57,7164.7
387,89,4,0.15,5504.56,4448.14
388,24,2,0.05,23132.89,17177.19
389,41,1,0,23315.37,18692.16
389,55,2,0.084130435,6831.22,5452.4
390,89,4,0.1,5504.56,4448.14
390,103,1,0.1,642.13,517.28
391,40,1,0,46147.36,36854.06
391,57,1,0.15,10919.01,8449.42
391,74,3,0,2983.21,2320.79
392,40,1,0.2,46147.36,36854.06
392,114,3,0.15,3218.92,2763.17
393,39,1,0.15,40056.63,33032.66
393,103,3,0.1,642.13,517.28
394,9,1,0,52332.04,44905.39
394,22,1,0.15,36600.48,29953.6
394,30,1,0.05,43457.18,35913.46
394,105,3,0.05,369.29,293.25
395,52,1,0.05,8639.23,6791.57
395,57,1,0,10919.01,8449.42
395,70,3,0.1,3986.1,3200.76
395,84,3,0.15,4099.96,3057.64
396,17,1,0.1,6774.4,5453
396,87,1,0.25,30887.67,24562.15
396,106,1,0.2,254.07,201.91
397,30,1,0.05,43457.18,35913.46
397,32,2,0.084130435,31328.71,25759.55
398,4,1,0.05,19059.59,16284.04
398,18,1,0.25,25982.69,22325.13
399,42,1,0.05,41592.8,33329.48
400,106,2,0.1,254.07,201.91
401,11,1,0.05,37366.11,29328.87
401,18,1,0.05,25982.69,22325.13
401,30,1,0.15,43457.18,35913.46
401,76,1,0,3430.15,2769.65
401,120,1,0.15,1861.62,1512.43
402,89,2,0.05,5504.56,4448.14
403,42,1,0,41592.8,33329.48
403,49,1,0.2,8760.67,7484.66
403,70,1,0,3986.1,3200.76
403,111,4,0.15,1247.24,976.36
403,120,1,0,1861.62,1512.43
404,11,1,0.2,37366.11,29328.87
405,49,1,0.1,8760.67,7484.66
406,42,1,0,41592.8,33329.48
406,44,1,0.25,33553.11,26819.15
406,73,1,0,2594.94,1956.68
407,6,1,0.1,34593.4,28061.7
407,24,1,0.05,23132.89,17177.19
407,46,2,0.2,22745.35,18876.27
407,98,1,0.15,336.47,254.4
408,52,1,0.1,8639.23,6791.57
408,55,1,0.15,6831.22,5452.4
408,88,1,0,8530.57,7164.7
408,120,5,0.2,1861.62,1512.43
409,29,1,0,32511.15,25921.35
409,41,1,0.1,23315.37,18692.16
409,47,2,0,33711.86,28748.63
409,100,1,0,3280.7,2734.71
410,44,1,0.25,33553.11,26819.15
410,47,1,0.05,33711.86,28748.63
411,10,1,0.05,28984.82,24375.23
411,35,1,0.15,40351.44,30761.63
412,11,2,0,37366.11,29328.87
412,17,1,0.15,6774.4,5453
412,73,1,0.084130435,2594.94,1956.68
412,110,62,0,1359.5,1110.25
413,4,2,0.2,19059.59,16284.04
413,103,2,0.15,642.13,517.28
414,24,1,0,23132.89,17177.19
414,100,1,0,3280.7,2734.71
414,107,1,0.05,1478.47,1285.3
415,21,2,0.15,10769.33,8068.73
415,80,1,0.1,12600.56,9910.89
416,13,1,0,67300.5,50244.66
416,19,1,0.25,15032.26,12417.54
416,44,1,0.2,33553.11,26819.15
416,63,2,0.05,11424.44,8683.37
416,74,1,0,2983.21,2320.79
417,16,1,0.2,10389.79,8227.78
417,18,2,0.05,25982.69,22325.13
417,45,1,0.15,12288.95,9920.28
417,92,2,0,1964.69,1465.53
417,120,5,0.084130435,1861.62,1512.43
418,11,1,0.084130435,37366.11,29328.87
419,43,2,0.05,10452.57,7798.28
419,73,1,0.1,2594.94,1956.68
420,17,1,0.1,6774.4,5453
420,24,1,0.15,23132.89,17177.19
420,30,1,0.05,43457.18,35913.46
420,35,1,0,40351.44,30761.63
420,74,1,0.2,2983.21,2320.79
421,42,1,0,41592.8,33329.48
422,10,1,0,28984.82,24375.23
422,39,1,0,40056.63,33032.66
422,79,2,0,1152.51,894.74
423,4,1,0.15,19059.59,16284.04
423,13,1,0.2,67300.5,50244.66
423,17,1,0.084130435,6774.4,5453
423,55,1,0.2,6831.22,5452.4
423,110,1,0.25,1359.5,1110.25
424,24,1,0.084130435,23132.89,17177.19
425,40,1,0.25,46147.36,36854.06
425,44,1,0.1,33553.11,26819.15
425,89,4,0,5504.56,4448.14
426,30,1,0.15,43457.18,35913.46
426,52,2,0.05,8639.23,6791.57
427,41,2,0.1,23315.37,18692.16
427,42,1,0.2,41592.8,33329.48
427,50,1,0.084130435,14093.3,10657.04
427,57,2,0.05,10919.01,8449.42
427,116,3,0.15,2142.99,1643.31
428,46,1,0.1,22745.35,18876.27
428,73,1,0.05,2594.94,1956.68
428,88,2,0.05,8530.57,7164.7
428,99,3,0.05,4558.37,3844.16
428,101,2,0,1459.15,1135.82
429,25,1,0.25,25300.08,21052.74
429,35,1,0.25,40351.44,30761.63
429,55,2,0.084130435,6831.22,5452.4
429,88,1,0.05,8530.57,7164.7
430,83,1,0.05,1338.95,1016.05
431,1,1,0,7820.51,6378.81
431,7,1,0.1,43638.93,36859.8
431,17,2,0,6774.4,5453
431,26,1,0.15,56726.38,47501.32
432,64,2,0.1,8286.71,6362.4
432,88,1,0.1,8530.57,7164.7
432,92,1,0.2,1964.69,1465.53
432,119,1,0.05,1955.14,1590.52
433,46,2,0.05,22745.35,18876.27
433,54,2,0,17754.88,14616.31
434,24,1,0.084130435,23132.89,17177.19
434,49,1,0.05,8760.67,7484.66
434,94,1,0.15,1307.79,1131.43
434,101,2,0.1,1459.15,1135.82
435,64,2,0.1,8286.71,6362.4
436,49,2,0.1,8760.67,7484.66
436,84,2,0,4099.96,3057.64
436,114,1,0,3218.92,2763.17
437,37,1,0.1,42724.86,33581.82
438,70,1,0.05,3986.1,3200.76
439,72,3,0.15,2022.18,1691.08
440,67,1,0.1,5963.33,4499.54
440,90,2,0.084130435,5651.34,4568.97
441,40,1,0.15,46147.36,36854.06
441,58,1,0.084130435,4545.08,3591.57
442,32,1,0.05,31328.71,25759.55
442,49,1,0.05,8760.67,7484.66
443,88,1,0.084130435,8530.57,7164.7
444,41,1,0.1,23315.37,18692.16
444,111,3,0.05,1247.24,976.36
445,12,1,0,50160.12,38153.08
445,58,1,0,4545.08,3591.57
445,119,2,0.05,1955.14,1590.52
446,24,1,0,23132.89,17177.19
446,30,1,0,43457.18,35913.46
446,57,2,0,10919.01,8449.42
446,101,3,0,1459.15,1135.82
447,7,2,0,43638.93,36859.8
447,49,1,0.084130435,8760.67,7484.66
448,51,1,0.05,15493.11,12939.08
448,65,1,0,9653.18,7226.05
449,15,1,0.15,8716.42,7172.96
449,43,2,0.2,10452.57,7798.28
449,92,1,0.1,1964.69,1465.53
449,117,2,0.05,941.78,718.08
450,33,1,0.084130435,20799.96,17519.04
450,89,1,0.2,5504.56,4448.14
451,71,1,0.2,3616.71,2805.57
451,110,2,0,1359.5,1110.25
452,64,1,0,8286.71,6362.4
453,4,1,0,19059.59,16284.04
453,44,1,0,33553.11,26819.15
453,116,3,0.2,2142.99,1643.31
454,66,1,0.05,15460.09,12005.8
455,73,1,0,2594.94,1956.68
455,75,1,0.2,3132.72,2420.05
455,106,1,0.05,254.07,201.91
455,109,3,0.1,525.46,445.88
456,54,1,0.05,17754.88,14616.31
456,89,1,0.1,5504.56,4448.14
457,19,2,0.05,15032.26,12417.54
457,26,1,0.05,56726.38,47501.32
457,53,1,0,10777.52,8220.29
457,120,2,0,1861.62,1512.43
458,12,2,0.15,50160.12,38153.08
458,61,2,0.1,6122.69,4930.93
458,100,4,0.05,3280.7,2734.71
458,107,4,0,1478.47,1285.3
459,33,1,0.084130435,20799.96,17519.04
459,40,73,0,46147.36,36854.06
459,43,1,0.2,10452.57,7798.28
459,81,1,0.25,5167.83,3948.66
459,113,1,0.15,1569.91,1277.81
460,74,2,0.25,2983.21,2320.79
461,44,1,0.2,33553.11,26819.15
461,49,1,0.05,8760.67,7484.66
461,98,1,0.05,336.47,254.4
461,105,2,0.05,369.29,293.25
462,88,1,0,8530.57,7164.7
463,35,1,0,40351.44,30761.63
464,10,1,0.05,28984.82,24375.23
464,42,1,0.2,41592.8,33329.48
464,46,1,0.1,22745.35,18876.27
465,4,1,0.2,19059.59,16284.04
465,47,1,0.05,33711.86,28748.63
465,57,2,0.05,10919.01,8449.42
465,81,2,0.1,5167.83,3948.66
466,51,1,0.05,15493.11,12939.08
466,66,2,0.1,15460.09,12005.8
466,84,1,0.05,4099.96,3057.64
466,96,1,0.2,943.63,713.86
466,105,2,0,369.29,293.25
467,25,1,0.084130435,25300.08,21052.74
467,64,1,0,8286.71,6362.4
467,101,1,0.2,1459.15,1135.82
467,106,1,0.25,254.07,201.91
468,17,1,0.15,6774.4,5453
469,29,2,0.05,32511.15,25921.35
469,54,1,0.05,17754.88,14616.31
470,24,1,0.084130435,23132.89,17177.19
470,55,2,0,6831.22,5452.4
470,107,1,0,1478.47,1285.3
470,120,2,0.15,1861.62,1512.43
471,5,1,0.1,23034.18,18268.86
471,7,2,0,43638.93,36859.8
472,48,32,0.15,31451.42,24168.17
473,4,2,0.05,19059.59,16284.04
473,90,2,0.05,5651.34,4568.97
474,45,2,0.084130435,12288.95,9920.28
474,107,2,0.2,1478.47,1285.3
475,116,2,0,2142.99,1643.31
476,66,1,0,15460.09,12005.8
477,47,2,0,33711.86,28748.63
478,66,1,0,15460.09,12005.8
479,12,2,0,50160.12,38153.08
479,30,1,0.2,43457.18,35913.46
479,39,1,0.15,40056.63,33032.66
479,50,1,0.25,14093.3,10657.04
479,57,2,0.084130435,10919.01,8449.42
480,20,1,0,17899.64,15367.23
480,116,1,0.05,2142.99,1643.31
481,81,2,0.25,5167.83,3948.66
482,34,1,0,28176.66,22798.3
482,60,1,0.1,15649.8,12875.64
482,61,2,0.2,6122.69,4930.93
483,29,1,0.1,32511.15,25921.35
483,62,2,0.1,6880.13,5595.68
484,22,1,0.05,36600.48,29953.6
484,42,1,0.1,41592.8,33329.48
484,44,1,0.15,33553.11,26819.15
484,45,2,0,12288.95,9920.28
484,92,2,0.15,1964.69,1465.53
485,4,1,0.2,19059.59,16284.04
485,31,1,0.25,35560.46,30062.84
485,75,1,0.1,3132.72,2420.05
486,84,1,0,4099.96,3057.64
487,52,1,0.2,8639.23,6791.57
488,30,2,0.084130435,43457.18,35913.46
488,43,1,0.15,10452.57,7798.28
488,116,2,0.1,2142.99,1643.31
488,117,2,0.05,941.78,718.08
489,8,1,0.05,54416.24,46147.25
489,9,1,0.05,52332.04,44905.39
489,39,2,0,40056.63,33032.66
489,42,1,0.1,41592.8,33329.48
489,45,2,0.05,12288.95,9920.28
490,78,2,0,18441.07,15373.23
490,84,2,0,4099.96,3057.64
491,70,3,0,3986.1,3200.76
491,88,3,0.05,8530.57,7164.7
492,114,1,0.084130435,3218.92,2763.17
493,17,1,0.25,6774.4,5453
493,42,1,0,41592.8,33329.48
493,62,1,0.05,6880.13,5595.68
493,73,1,0.15,2594.94,1956.68
494,11,1,0.15,37366.11,29328.87
494,30,1,0,43457.18,35913.46
495,39,1,0,40056.63,33032.66
495,43,1,0.1,10452.57,7798.28
495,78,41,0.05,18441.07,15373.23
495,101,1,0.05,1459.15,1135.82
495,103,1,0.15,642.13,517.28
496,51,2,0,15493.11,12939.08
496,81,3,0,5167.83,3948.66
496,88,2,0.084130435,8530.57,7164.7
497,64,1,0.1,8286.71,6362.4
497,89,1,0.05,5504.56,4448.14
498,64,1,0,8286.71,6362.4
498,107,2,0.1,1478.47,1285.3
499,38,1,0,24245.73,18469.45
499,57,1,0.1,10919.01,8449.42
500,52,1,0.2,8639.23,6791.57
501,83,2,0.15,1338.95,1016.05
501,105,1,0.15,369.29,293.25
502,17,1,0.15,6774.4,5453
503,52,1,0.1,8639.23,6791.57
503,59,52,0.1,10639.98,8184.85
503,65,1,0.1,9653.18,7226.05
503,74,1,0.05,2983.21,2320.79
504,96,1,0,943.63,713.86
505,18,2,0.1,25982.69,22325.13
506,16,1,0,10389.79,8227.78
506,53,1,0,10777.52,8220.29
506,75,1,0,3132.72,2420.05
506,101,4,0.1,1459.15,1135.82
506,105,1,0.05,369.29,293.25
507,17,1,0,6774.4,5453
507,83,1,0.25,1338.95,1016.05
507,88,3,0,8530.57,7164.7
507,101,1,0.1,1459.15,1135.82
508,10,40,0.05,28984.82,24375.23
508,81,3,0.1,5167.83,3948.66
508,87,2,0,30887.67,24562.15
508,101,2,0.25,1459.15,1135.82
508,119,4,0.05,1955.14,1590.52
509,10,1,0.25,28984.82,24375.23
509,52,1,0.1,8639.23,6791.57
509,82,3,0.1,6597.27,5199.67
509,101,1,0.05,1459.15,1135.82
510,43,1,0.05,10452.57,7798.28
511,76,1,0,3430.15,2769.65
511,78,2,0,18441.07,15373.23
512,7,1,0,43638.93,36859.8
512,70,2,0.15,3986.1,3200.76
512,75,3,0.05,3132.72,2420.05
512,105,1,0.05,369.29,293.25
513,30,1,0.15,43457.18,35913.46
513,101,2,0,1459.15,1135.82
513,106,1,0.2,254.07,201.91
514,7,2,0.05,43638.93,36859.8
515,14,1,0.1,81785.8,67687.25
515,41,1,0,23315.37,18692.16
515,63,1,0,11424.44,8683.37
515,89,3,0,5504.56,4448.14
516,64,1,0.1,8286.71,6362.4
517,5,1,0.15,23034.18,18268.86
517,33,1,0.1,20799.96,17519.04
518,26,1,0.1,56726.38,47501.32
518,77,1,0,3869,3051.47
519,73,2,0.15,2594.94,1956.68
519,103,1,0,642.13,517.28
519,116,4,0.1,2142.99,1643.31
520,10,1,0.25,28984.82,24375.23
520,82,2,0.2,6597.27,5199.67
521,6,1,0,34593.4,28061.7
522,23,1,0.15,23449.3,19546.85
522,29,1,0.084130435,32511.15,25921.35
522,57,1,0.1,10919.01,8449.42
522,84,3,0,4099.96,3057.64
523,29,1,0.1,32511.15,25921.35
524,68,1,0.05,5186.61,3897.48
525,35,2,0,40351.44,30761.63
525,47,1,0,33711.86,28748.63
525,51,1,0.05,15493.11,12939.08
525,120,5,0.084130435,1861.62,1512.43
526,22,1,0,36600.48,29953.6
526,51,1,0.15,15493.11,12939.08
526,75,3,0.1,3132.72,2420.05
526,109,1,0.084130435,525.46,445.88
526,118,1,0,1198.74,910.08
527,17,2,0.15,6774.4,5453
527,18,1,0,25982.69,22325.13
527,24,1,0.1,23132.89,17177.19
527,74,1,0.1,2983.21,2320.79
528,7,1,0.1,43638.93,36859.8
528,32,2,0,31328.71,25759.55
528,73,2,0.15,2594.94,1956.68
528,78,1,0.2,18441.07,15373.23
529,77,1,0.15,3869,3051.47
530,45,1,0.15,12288.95,9920.28
530,73,3,0.2,2594.94,1956.68
530,110,1,0.05,1359.5,1110.25
531,22,2,0.15,36600.48,29953.6
532,11,1,0.15,37366.11,29328.87
532,30,1,0.2,43457.18,35913.46
533,30,1,0.05,43457.18,35913.46
533,84,2,0,4099.96,3057.64
534,29,1,0,32511.15,25921.35
534,101,2,0.05,1459.15,1135.82
535,4,2,0.25,19059.59,16284.04
535,32,1,0.25,31328.71,25759.55
535,109,1,0,525.46,445.88
536,96,1,0,943.63,713.86
536,110,1,0.25,1359.5,1110.25
537,32,1,0.05,31328.71,25759.55
538,13,2,0.1,67300.5,50244.66
538,41,1,0,23315.37,18692.16
539,33,2,0.05,20799.96,17519.04
539,100,1,0.1,3280.7,2734.71
539,120,1,0,1861.62,1512.43
540,101,1,0.15,1459.15,1135.82
541,22,1,0.25,36600.48,29953.6
541,43,1,0.15,10452.57,7798.28
541,88,1,0.05,8530.57,7164.7
542,47,1,0,33711.86,28748.63
542,69,2,0.1,1939.08,1490.4
542,107,1,0,1478.47,1285.3
543,26,2,0.2,56726.38,47501.32
543,30,1,0,43457.18,35913.46
543,105,3,0.05,369.29,293.25
544,47,1,0.1,33711.86,28748.63
544,91,1,0.1,1409.54,1099.82
544,105,1,0,369.29,293.25
545,4,1,0,19059.59,16284.04
545,47,2,0.1,33711.86,28748.63
545,50,1,0.15,14093.3,10657.04
546,47,1,0.2,33711.86,28748.63
547,51,1,0.25,15493.11,12939.08
547,77,1,0.1,3869,3051.47
548,64,1,0.15,8286.71,6362.4
548,98,1,0.05,336.47,254.4
548,110,2,0.05,1359.5,1110.25
549,30,42,0.25,43457.18,35913.46
549,110,2,0.1,1359.5,1110.25
550,15,2,0.15,8716.42,7172.96
550,17,2,0,6774.4,5453
550,44,1,0.05,33553.11,26819.15
550,62,1,0.05,6880.13,5595.68
551,12,2,0,50160.12,38153.08
551,47,1,0,33711.86,28748.63
551,58,1,0,4545.08,3591.57
551,120,2,0,1861.62,1512.43
552,77,1,0.25,3869,3051.47
552,84,2,0.2,4099.96,3057.64
552,94,1,0.05,1307.79,1131.43
553,46,1,0,22745.35,18876.27
553,78,1,0,18441.07,15373.23
553,88,1,0.05,8530.57,7164.7
554,41,1,0,23315.37,18692.16
554,117,3,0.15,941.78,718.08
555,7,2,0.05,43638.93,36859.8
555,72,1,0.15,2022.18,1691.08
555,95,2,0.05,810.49,602.59
556,47,1,0.2,33711.86,28748.63
556,55,1,0.15,6831.22,5452.4
556,92,3,0.15,1964.69,1465.53
556,114,4,0.2,3218.92,2763.17
557,34,1,0.1,28176.66,22798.3
557,102,1,0,762.95,613.79
557,114,2,0,3218.92,2763.17
558,7,2,0.1,43638.93,36859.8
558,18,2,0,25982.69,22325.13
558,116,1,0.1,2142.99,1643.31
559,52,1,0.15,8639.23,6791.57
559,57,1,0,10919.01,8449.42
559,61,46,0.1,6122.69,4930.93
560,22,2,0.1,36600.48,29953.6
560,75,2,0,3132.72,2420.05
560,105,1,0.1,369.29,293.25
561,30,1,0.15,43457.18,35913.46
562,51,1,0.05,15493.11,12939.08
562,120,3,0,1861.62,1512.43
563,14,1,0.05,81785.8,67687.25
563,15,1,0,8716.42,7172.96
563,32,1,0,31328.71,25759.55
563,103,3,0,642.13,517.28
564,73,1,0.15,2594.94,1956.68
565,17,1,0.15,6774.4,5453
565,18,2,0.2,25982.69,22325.13
565,68,1,0.1,5186.61,3897.48
565,105,1,0,369.29,293.25
566,57,2,0.1,10919.01,8449.42
567,46,2,0.05,22745.35,18876.27
568,54,2,0.05,17754.88,14616.31
568,57,1,0.05,10919.01,8449.42
568,101,2,0,1459.15,1135.82
569,96,2,0.05,943.63,713.86
570,16,1,0.05,10389.79,8227.78
570,30,1,0,43457.18,35913.46
570,38,1,0.05,24245.73,18469.45
570,114,1,0.1,3218.92,2763.17
571,44,1,0.15,33553.11,26819.15
571,51,1,0,15493.11,12939.08
571,117,2,0.15,941.78,718.08
572,5,1,0.1,23034.18,18268.86
572,47,1,0.15,33711.86,28748.63
572,94,1,0.2,1307.79,1131.43
573,24,2,0.05,23132.89,17177.19
574,85,1,0.2,11775.25,8823.61
575,17,1,0,6774.4,5453
575,24,2,0.25,23132.89,17177.19
575,57,1,0.2,10919.01,8449.42
576,32,1,0,31328.71,25759.55
576,62,1,0.1,6880.13,5595.68
576,75,2,0.15,3132.72,2420.05
576,82,33,0.25,6597.27,5199.67
576,120,2,0.05,1861.62,1512.43
577,19,2,0.1,15032.26,12417.54
577,34,1,0,28176.66,22798.3
577,44,1,0.05,33553.11,26819.15
578,112,2,0.15,1086.02,808.75
579,16,1,0.1,10389.79,8227.78
579,43,1,0.1,10452.57,7798.28
579,53,2,0.15,10777.52,8220.29
580,61,1,0.15,6122.69,4930.93
580,66,1,0,15460.09,12005.8
580,113,1,0,1569.91,1277.81
581,19,1,0.25,15032.26,12417.54
581,36,1,0.084130435,46415.07,39576.59
581,101,1,0.05,1459.15,1135.82
582,9,1,0.084130435,52332.04,44905.39
583,57,1,0.05,10919.01,8449.42
583,59,1,0,10639.98,8184.85
583,101,2,0,1459.15,1135.82
584,17,1,0.15,6774.4,5453
584,119,3,0,1955.14,1590.52
585,18,1,0,25982.69,22325.13
585,74,1,0,2983.21,2320.79
585,81,1,0.15,5167.83,3948.66
585,95,2,0.05,810.49,602.59
585,113,5,0.1,1569.91,1277.81
586,14,2,0,81785.8,67687.25
587,41,1,0.084130435,23315.37,18692.16
587,46,1,0.05,22745.35,18876.27
588,19,1,0.1,15032.26,12417.54
588,42,1,0,41592.8,33329.48
588,43,1,0.25,10452.57,7798.28
588,92,3,0.084130435,1964.69,1465.53
588,99,1,0.05,4558.37,3844.16
589,94,1,0.1,1307.79,1131.43
590,22,2,0,36600.48,29953.6
590,44,1,0.15,33553.11,26819.15
590,64,2,0.2,8286.71,6362.4
590,101,3,0.1,1459.15,1135.82
590,110,2,0.1,1359.5,1110.25
591,21,1,0.05,10769.33,8068.73
591,84,1,0.05,4099.96,3057.64
591,96,1,0.05,943.63,713.86
592,64,1,0.084130435,8286.71,6362.4
593,27,1,0.25,34727.99,30069.8
593,101,1,0.2,1459.15,1135.82
594,57,1,0.05,10919.01,8449.42
594,101,1,0.05,1459.15,1135.82
594,120,5,0,1861.62,1512.43
595,64,1,0.1,8286.71,6362.4
596,30,1,0,43457.18,35913.46
596,43,2,0.1,10452.57,7798.28
597,90,2,0,5651.34,4568.97
598,49,54,0.05,8760.67,7484.66
598,64,2,0.05,8286.71,6362.4
598,105,1,0.084130435,369.29,293.25
599,105,4,0.05,369.29,293.25
600,12,2,0.05,50160.12,38153.08
600,39,1,0.05,40056.63,33032.66
600,87,66,0.15,30887.67,24562.15
601,43,1,0.084130435,10452.57,7798.28
601,44,1,0,33553.11,26819.15
601,58,1,0.1,4545.08,3591.57
601,60,1,0.1,15649.8,12875.64
601,99,2,0,4558.37,3844.16
602,12,1,0.15,50160.12,38153.08
602,24,1,0.1,23132.89,17177.19
602,43,1,0,10452.57,7798.28
602,63,2,0.05,11424.44,8683.37
603,24,1,0,23132.89,17177.19
603,30,1,0,43457.18,35913.46
603,88,1,0.1,8530.57,7164.7
604,33,2,0.1,20799.96,17519.04
605,4,2,0.1,19059.59,16284.04
605,6,63,0,34593.4,28061.7
605,58,1,0.2,4545.08,3591.57
605,83,2,0.2,1338.95,1016.05
606,52,1,0.05,8639.23,6791.57
607,51,1,0.05,15493.11,12939.08
608,21,2,0.1,10769.33,8068.73
608,57,1,0.2,10919.01,8449.42
609,7,1,0.1,43638.93,36859.8
609,26,2,0.2,56726.38,47501.32
609,110,3,0.15,1359.5,1110.25
610,5,1,0.15,23034.18,18268.86
610,30,1,0.1,43457.18,35913.46
610,52,1,0.05,8639.23,6791.57
610,73,2,0.1,2594.94,1956.68
611,33,2,0.1,20799.96,17519.04
611,57,2,0,10919.01,8449.42
611,120,1,0.05,1861.62,1512.43
612,10,1,0.1,28984.82,24375.23
612,105,4,0.05,369.29,293.25
613,113,1,0.05,1569.91,1277.81
614,24,1,0,23132.89,17177.19
614,45,1,0.2,12288.95,9920.28
614,46,1,0.25,22745.35,18876.27
614,47,1,0.084130435,33711.86,28748.63
614,103,4,0.15,642.13,517.28
615,32,2,0.2,31328.71,25759.55
615,92,2,0.15,1964.69,1465.53
616,58,1,0.1,4545.08,3591.57
616,94,1,0,1307.79,1131.43
617,60,1,0.084130435,15649.8,12875.64
618,61,1,0.084130435,6122.69,4930.93
618,69,3,0.25,1939.08,1490.4
618,85,3,0.05,11775.25,8823.61
619,24,1,0,23132.89,17177.19
619,72,2,0.2,2022.18,1691.08
619,109,1,0,525.46,445.88
620,32,1,0.1,31328.71,25759.55
620,99,1,0.2,4558.37,3844.16
621,92,2,0.15,1964.69,1465.53
622,74,3,0.1,2983.21,2320.79
622,84,1,0.1,4099.96,3057.64
622,118,1,0.1,1198.74,910.08
623,4,1,0.084130435,19059.59,16284.04
623,55,1,0.084130435,6831.22,5452.4
623,73,3,0.05,2594.94,1956.68
624,70,1,0.084130435,3986.1,3200.76
625,17,1,0.05,6774.4,5453
625,27,1,0,34727.99,30069.8
625,44,1,0,33553.11,26819.15
625,117,3,0,941.78,718.08
626,99,3,0.2,4558.37,3844.16
627,78,3,0.15,18441.07,15373.23
627,103,1,0.15,642.13,517.28
628,29,1,0.15,32511.15,25921.35
628,57,1,0,10919.01,8449.42
628,88,3,0,8530.57,7164.7
628,101,1,0,1459.15,1135.82
628,120,4,0.05,1861.62,1512.43
629,64,1,0,8286.71,6362.4
629,101,4,0.2,1459.15,1135.82
630,30,1,0.1,43457.18,35913.46
630,77,34,0.15,3869,3051.47
630,107,5,0,1478.47,1285.3
631,12,1,0.05,50160.12,38153.08
631,57,1,0.1,10919.01,8449.42
632,40,1,0,46147.36,36854.06
632,58,1,0.15,4545.08,3591.57
633,9,1,0,52332.04,44905.39
633,30,1,0.1,43457.18,35913.46
633,43,1,0,10452.57,7798.28
633,89,1,0.1,5504.56,4448.14
633,115,2,0.05,1119.73,946.62
634,4,2,0,19059.59,16284.04
634,12,1,0.2,50160.12,38153.08
635,32,2,0.2,31328.71,25759.55
635,44,1,0,33553.11,26819.15
635,64,1,0.05,8286.71,6362.4
636,7,1,0.05,43638.93,36859.8
636,54,1,0.15,17754.88,14616.31
637,45,2,0.15,12288.95,9920.28
638,32,1,0,31328.71,25759.55
639,60,1,0,15649.8,12875.64
639,66,2,0.1,15460.09,12005.8
639,111,2,0.05,1247.24,976.36
640,61,2,0.05,6122.69,4930.93
641,30,1,0.1,43457.18,35913.46
641,105,1,0,369.29,293.25
642,17,1,0.15,6774.4,5453
642,87,1,0.05,30887.67,24562.15
643,22,1,0.1,36600.48,29953.6
643,46,1,0.15,22745.35,18876.27
643,64,1,0,8286.71,6362.4
643,81,1,0.2,5167.83,3948.66
643,99,2,0.084130435,4558.37,3844.16
644,96,2,0.2,943.63,713.86
645,32,1,0.2,31328.71,25759.55
645,47,1,0.2,33711.86,28748.63
645,108,1,0.05,1810.57,1441.58
645,109,1,0,525.46,445.88
646,18,1,0.2,25982.69,22325.13
646,30,1,0.1,43457.18,35913.46
646,39,1,0.05,40056.63,33032.66
647,40,1,0.15,46147.36,36854.06
647,89,1,0,5504.56,4448.14
648,17,1,0.1,6774.4,5453
648,30,1,0,43457.18,35913.46
648,73,3,0.05,2594.94,1956.68
648,103,2,0,642.13,517.28
649,11,1,0.05,37366.11,29328.87
649,44,1,0,33553.11,26819.15
649,62,36,0.15,6880.13,5595.68
650,35,1,0.05,40351.44,30761.63
650,64,2,0.2,8286.71,6362.4
650,99,3,0.05,4558.37,3844.16
651,62,1,0.2,6880.13,5595.68
652,15,1,0.15,8716.42,7172.96
653,13,1,0,67300.5,50244.66
653,47,2,0.05,33711.86,28748.63
653,49,1,0,8760.67,7484.66
653,101,1,0,1459.15,1135.82
653,103,3,0,642.13,517.28
654,52,1,0.2,8639.23,6791.57
654,99,1,0,4558.37,3844.16
654,116,1,0.2,2142.99,1643.31
655,3,1,0.1,14825.71,12218.97
655,22,1,0.25,36600.48,29953.6
655,30,2,0.05,43457.18,35913.46
655,113,5,0.084130435,1569.91,1277.81
656,34,1,0,28176.66,22798.3
656,47,1,0.05,33711.86,28748.63
657,51,2,0.1,15493.11,12939.08
658,120,1,0,1861.62,1512.43
659,20,1,0.15,17899.64,15367.23
659,21,2,0.084130435,10769.33,8068.73
660,29,1,0,32511.15,25921.35
660,106,3,0.1,254.07,201.91
661,21,1,0.15,10769.33,8068.73
661,49,1,0.25,8760.67,7484.66
662,10,1,0.05,28984.82,24375.23
662,42,1,0.2,41592.8,33329.48
662,55,2,0.15,6831.22,5452.4
663,102,2,0.15,762.95,613.79
664,37,1,0,42724.86,33581.82
664,39,1,0.1,40056.63,33032.66
664,46,2,0.05,22745.35,18876.27
665,10,1,0.05,28984.82,24375.23
665,17,1,0.15,6774.4,5453
666,39,1,0.2,40056.63,33032.66
666,40,67,0,46147.36,36854.06
666,47,1,0.15,33711.86,28748.63
666,88,2,0,8530.57,7164.7
667,83,3,0.25,1338.95,1016.05
667,103,2,0.1,642.13,517.28
668,27,1,0,34727.99,30069.8
668,99,2,0.05,4558.37,3844.16
669,112,1,0.1,1086.02,808.75
670,111,4,0,1247.24,976.36
671,43,1,0.25,10452.57,7798.28
671,73,3,0,2594.94,1956.68
672,12,1,0.05,50160.12,38153.08
672,17,2,0,6774.4,5453
673,11,2,0,37366.11,29328.87
673,29,1,0.1,32511.15,25921.35
673,70,3,0.2,3986.1,3200.76
674,33,1,0,20799.96,17519.04
674,109,4,0.25,525.46,445.88
675,12,1,0,50160.12,38153.08
675,37,1,0,42724.86,33581.82
675,60,1,0.25,15649.8,12875.64
676,41,1,0,23315.37,18692.16
676,49,1,0.05,8760.67,7484.66
676,73,1,0,2594.94,1956.68
676,103,3,0,642.13,517.28
677,26,2,0.2,56726.38,47501.32
677,112,2,0.05,1086.02,808.75
677,113,1,0,1569.91,1277.81
678,45,1,0.2,12288.95,9920.28
679,3,1,0,14825.71,12218.97
679,39,1,0,40056.63,33032.66
679,99,1,0,4558.37,3844.16
680,9,1,0.15,52332.04,44905.39
681,102,2,0.05,762.95,613.79
682,24,2,0.1,23132.89,17177.19
682,27,1,0.2,34727.99,30069.8
682,35,1,0,40351.44,30761.63
682,120,1,0.05,1861.62,1512.43
683,64,1,0.084130435,8286.71,6362.4
684,47,1,0.084130435,33711.86,28748.63
684,75,1,0.05,3132.72,2420.05
684,81,1,0.084130435,5167.83,3948.66
685,54,27,0.05,17754.88,14616.31
686,64,1,0,8286.71,6362.4
686,91,4,0,1409.54,1099.82
687,51,1,0.15,15493.11,12939.08
687,54,1,0.084130435,17754.88,14616.31
687,89,1,0.15,5504.56,4448.14
688,115,2,0.05,1119.73,946.62
689,74,3,0.05,2983.21,2320.79
689,114,1,0,3218.92,2763.17
690,54,1,0.05,17754.88,14616.31
690,76,1,0.1,3430.15,2769.65
691,63,1,0.15,11424.44,8683.37
692,101,3,0,1459.15,1135.82
693,24,77,0.2,23132.89,17177.19
694,101,3,0.05,1459.15,1135.82
695,49,1,0,8760.67,7484.66
695,54,2,0,17754.88,14616.31
696,30,1,0.2,43457.18,35913.46
697,66,1,0.1,15460.09,12005.8
697,76,1,0,3430.15,2769.65
697,110,4,0.15,1359.5,1110.25
698,42,1,0,41592.8,33329.48
698,44,1,0,33553.11,26819.15
698,60,2,0,15649.8,12875.64
699,24,1,0.05,23132.89,17177.19
699,30,1,0.1,43457.18,35913.46
699,105,3,0.25,369.29,293.25
700,7,1,0.1,43638.93,36859.8
700,57,2,0.05,10919.01,8449.42
701,34,1,0.1,28176.66,22798.3
702,50,2,0,14093.3,10657.04
703,51,1,0.05,15493.11,12939.08
703,61,1,0,6122.69,4930.93
703,76,3,0.05,3430.15,2769.65
704,5,70,0.2,23034.18,18268.86
704,25,1,0.05,25300.08,21052.74
704,88,1,0.2,8530.57,7164.7
705,17,2,0,6774.4,5453
706,58,1,0.05,4545.08,3591.57
706,77,1,0.1,3869,3051.47
706,109,3,0,525.46,445.88
706,110,2,0,1359.5,1110.25
706,113,2,0,1569.91,1277.81
707,11,1,0,37366.11,29328.87
708,64,1,0.15,8286.71,6362.4
708,73,1,0.15,2594.94,1956.68
709,49,1,0,8760.67,7484.66
709,55,1,0.1,6831.22,5452.4
710,12,1,0.1,50160.12,38153.08
710,14,2,0,81785.8,67687.25
710,38,1,0,24245.73,18469.45
710,112,79,0.2,1086.02,808.75
711,4,1,0,19059.59,16284.04
711,24,1,0,23132.89,17177.19
711,116,1,0.2,2142.99,1643.31
712,24,2,0,23132.89,17177.19
712,47,1,0.2,33711.86,28748.63
712,84,2,0,4099.96,3057.64
712,111,3,0.1,1247.24,976.36
713,60,2,0.05,15649.8,12875.64
714,11,1,0.1,37366.11,29328.87
714,33,1,0.05,20799.96,17519.04
714,40,1,0.2,46147.36,36854.06
714,55,2,0,6831.22,5452.4
715,73,2,0,2594.94,1956.68
716,17,2,0.084130435,6774.4,5453
716,32,1,0.084130435,31328.71,25759.55
716,94,1,0.1,1307.79,1131.43
716,113,5,0.15,1569.91,1277.81
717,32,1,0.15,31328.71,25759.55
717,107,2,0.05,1478.47,1285.3
717,116,4,0.1,2142.99,1643.31
718,47,1,0.2,33711.86,28748.63
718,73,1,0,2594.94,1956.68
718,81,1,0.05,5167.83,3948.66
718,83,3,0.05,1338.95,1016.05
719,15,2,0,8716.42,7172.96
719,88,1,0.25,8530.57,7164.7
720,29,1,0.084130435,32511.15,25921.35
720,47,1,0.05,33711.86,28748.63
720,57,1,0.15,10919.01,8449.42
721,57,1,0.1,10919.01,8449.42
721,64,1,0,8286.71,6362.4
721,70,1,0.15,3986.1,3200.76
722,44,1,0.05,33553.11,26819.15
722,92,1,0.1,1964.69,1465.53
722,112,1,0.2,1086.02,808.75
722,114,1,0,3218.92,2763.17
723,96,1,0,943.63,713.86
724,32,1,0,31328.71,25759.55
725,64,2,0.2,8286.71,6362.4
725,72,2,0.2,2022.18,1691.08
726,30,1,0.05,43457.18,35913.46
727,17,1,0.084130435,6774.4,5453
727,103,1,0.1,642.13,517.28
727,108,5,0.05,1810.57,1441.58
727,119,1,0.05,1955.14,1590.52
728,72,2,0.05,2022.18,1691.08
728,105,3,0.2,369.29,293.25
729,7,2,0.05,43638.93,36859.8
729,17,2,0.084130435,6774.4,5453
729,34,2,0,28176.66,22798.3
729,60,2,0.2,15649.8,12875.64
730,7,1,0.05,43638.93,36859.8
731,30,1,0.1,43457.18,35913.46
732,1,1,0.05,7820.51,6378.81
732,12,2,0.084130435,50160.12,38153.08
732,24,1,0.05,23132.89,17177.19
732,99,1,0.05,4558.37,3844.16
733,15,1,0.1,8716.42,7172.96
733,36,1,0,46415.07,39576.59
733,105,3,0.084130435,369.29,293.25
734,26,1,0.2,56726.38,47501.32
734,57,28,0.15,10919.01,8449.42
734,62,1,0,6880.13,5595.68
735,20,1,0.1,17899.64,15367.23
735,57,1,0.05,10919.01,8449.42
735,120,1,0.05,1861.62,1512.43
736,7,1,0.25,43638.93,36859.8
736,33,2,0.15,20799.96,17519.04
736,107,1,0.15,1478.47,1285.3
737,37,2,0,42724.86,33581.82
737,58,1,0,4545.08,3591.57
738,30,1,0.1,43457.18,35913.46
738,50,1,0,14093.3,10657.04
738,60,1,0.084130435,15649.8,12875.64
738,75,1,0.15,3132.72,2420.05
738,114,1,0.15,3218.92,2763.17
739,8,1,0.05,54416.24,46147.25
739,29,1,0.1,32511.15,25921.35
739,42,1,0.1,41592.8,33329.48
739,58,1,0.2,4545.08,3591.57
739,113,1,0.1,1569.91,1277.81
740,54,2,0.05,17754.88,14616.31
740,83,1,0.05,1338.95,1016.05
741,62,1,0.15,6880.13,5595.68
742,24,1,0.05,23132.89,17177.19
742,113,2,0.1,1569.91,1277.81
742,120,4,0.15,1861.62,1512.43
743,44,1,0.1,33553.11,26819.15
744,24,2,0.1,23132.89,17177.19
745,15,60,0.1,8716.42,7172.96
745,73,2,0,2594.94,1956.68
746,47,1,0,33711.86,28748.63
747,22,1,0.25,36600.48,29953.6
747,49,1,0.05,8760.67,7484.66
747,64,1,0,8286.71,6362.4
747,120,1,0.05,1861.62,1512.43
748,33,1,0,20799.96,17519.04
748,61,2,0.1,6122.69,4930.93
748,99,1,0,4558.37,3844.16
749,43,1,0,10452.57,7798.28
749,47,1,0.05,33711.86,28748.63
749,64,2,0,8286.71,6362.4
749,79,1,0.1,1152.51,894.74
750,55,1,0,6831.22,5452.4
750,101,2,0.05,1459.15,1135.82
751,24,1,0.05,23132.89,17177.19
751,84,2,0.05,4099.96,3057.64
752,15,1,0,8716.42,7172.96
752,44,1,0.1,33553.11,26819.15
753,5,1,0.084130435,23034.18,18268.86
753,24,1,0,23132.89,17177.19
753,26,1,0,56726.38,47501.32
753,52,1,0,8639.23,6791.57
753,108,1,0.15,1810.57,1441.58
754,64,1,0.1,8286.71,6362.4
755,17,1,0.2,6774.4,5453
755,32,1,0.05,31328.71,25759.55
755,49,1,0,8760.67,7484.66
755,61,2,0.1,6122.69,4930.93
756,43,1,0.05,10452.57,7798.28
756,110,1,0.15,1359.5,1110.25
757,72,1,0.2,2022.18,1691.08
757,75,1,0.15,3132.72,2420.05
758,46,1,0.05,22745.35,18876.27
758,57,1,0.2,10919.01,8449.42
758,78,1,0.05,18441.07,15373.23
759,47,1,0.15,33711.86,28748.63
759,57,1,0.25,10919.01,8449.42
759,78,1,0.05,18441.07,15373.23
760,12,1,0,50160.12,38153.08
760,41,1,0.2,23315.37,18692.16
760,64,1,0.1,8286.71,6362.4
760,103,2,0.15,642.13,517.28
761,40,1,0.15,46147.36,36854.06
761,47,1,0.084130435,33711.86,28748.63
761,64,1,0.2,8286.71,6362.4
761,113,4,0.25,1569.91,1277.81
762,30,1,0.1,43457.18,35913.46
762,34,1,0,28176.66,22798.3
763,64,1,0.1,8286.71,6362.4
763,88,2,0.1,8530.57,7164.7
764,30,1,0.1,43457.18,35913.46
764,74,1,0,2983.21,2320.79
765,42,1,0,41592.8,33329.48
765,82,1,0,6597.27,5199.67
765,95,2,0.25,810.49,602.59
765,101,1,0.05,1459.15,1135.82
766,30,2,0.05,43457.18,35913.46
766,94,3,0.15,1307.79,1131.43
767,52,1,0.1,8639.23,6791.57
767,73,2,0.15,2594.94,1956.68
767,76,1,0,3430.15,2769.65
768,17,2,0.084130435,6774.4,5453
768,76,1,0.2,3430.15,2769.65
768,84,3,0,4099.96,3057.64
769,19,2,0.15,15032.26,12417.54
769,43,1,0,10452.57,7798.28
769,61,1,0.15,6122.69,4930.93
769,88,2,0.05,8530.57,7164.7
770,1,1,0.1,7820.51,6378.81
771,47,1,0,33711.86,28748.63
772,17,1,0.2,6774.4,5453
772,87,3,0,30887.67,24562.15
772,101,1,0,1459.15,1135.82
772,108,3,0,1810.57,1441.58
772,120,1,0.1,1861.62,1512.43
774,26,1,0.2,56726.38,47501.32
774,39,1,0,40056.63,33032.66
775,49,2,0.15,8760.67,7484.66
775,51,2,0.1,15493.11,12939.08
775,88,1,0.1,8530.57,7164.7
775,119,4,0.05,1955.14,1590.52
776,57,1,0.05,10919.01,8449.42
777,7,1,0.05,43638.93,36859.8
777,76,1,0,3430.15,2769.65
777,120,1,0.1,1861.62,1512.43
778,32,1,0,31328.71,25759.55
778,49,1,0.1,8760.67,7484.66
779,39,1,0,40056.63,33032.66
779,67,1,0.15,5963.33,4499.54
780,52,41,0.1,8639.23,6791.57
780,77,1,0.084130435,3869,3051.47
780,84,2,0.15,4099.96,3057.64
780,89,2,0,5504.56,4448.14
781,81,1,0.15,5167.83,3948.66
781,105,2,0.2,369.29,293.25
782,58,2,0,4545.08,3591.57
782,59,1,0.15,10639.98,8184.85
783,9,1,0.1,52332.04,44905.39
783,113,2,0,1569.91,1277.81
784,39,1,0.1,40056.63,33032.66
784,88,1,0.2,8530.57,7164.7
784,92,1,0.15,1964.69,1465.53
785,113,3,0.05,1569.91,1277.81
786,42,1,0.084130435,41592.8,33329.48
786,79,1,0.25,1152.51,894.74
787,6,1,0.05,34593.4,28061.7
787,7,1,0.05,43638.93,36859.8
787,42,1,0.15,41592.8,33329.48
787,64,1,0.25,8286.71,6362.4
787,90,1,0.2,5651.34,4568.97
788,47,1,0.2,33711.86,28748.63
788,120,1,0.15,1861.62,1512.43
789,15,1,0,8716.42,7172.96
789,18,1,0.1,25982.69,22325.13
789,109,1,0.2,525.46,445.88
790,13,1,0.1,67300.5,50244.66
790,99,2,0.2,4558.37,3844.16
791,12,64,0.05,50160.12,38153.08
791,21,1,0.15,10769.33,8068.73
791,70,1,0.1,3986.1,3200.76
792,37,1,0,42724.86,33581.82
793,17,2,0,6774.4,5453
793,30,1,0.15,43457.18,35913.46
793,47,1,0,33711.86,28748.63
793,78,1,0.2,18441.07,15373.23
793,88,2,0.084130435,8530.57,7164.7
794,34,1,0.15,28176.66,22798.3
794,44,1,0.15,33553.11,26819.15
795,30,1,0,43457.18,35913.46
795,40,1,0.15,46147.36,36854.06
796,108,2,0.084130435,1810.57,1441.58
797,6,2,0,34593.4,28061.7
798,57,1,0.1,10919.01,8449.42
798,113,5,0,1569.91,1277.81
799,75,1,0.084130435,3132.72,2420.05
799,88,1,0,8530.57,7164.7
800,6,1,0.15,34593.4,28061.7
800,17,2,0,6774.4,5453
800,32,1,0.084130435,31328.71,25759.55
800,120,1,0,1861.62,1512.43
801,10,1,0,28984.82,24375.23
801,15,1,0,8716.42,7172.96
802,109,1,0.05,525.46,445.88
802,113,2,0.05,1569.91,1277.81
803,51,1,0,15493.11,12939.08
803,88,3,0.05,8530.57,7164.7
804,19,2,0.1,15032.26,12417.54
804,26,1,0.1,56726.38,47501.32
804,106,2,0.05,254.07,201.91
805,50,1,0.05,14093.3,10657.04
806,100,2,0.15,3280.7,2734.71
807,57,1,0,10919.01,8449.42
808,35,1,0,40351.44,30761.63
808,37,1,0.05,42724.86,33581.82
808,81,1,0,5167.83,3948.66
808,95,1,0,810.49,602.59
809,4,1,0.25,19059.59,16284.04
809,73,1,0.05,2594.94,1956.68
810,4,2,0.2,19059.59,16284.04
810,43,2,0,10452.57,7798.28
811,45,1,0.15,12288.95,9920.28
811,60,1,0,15649.8,12875.64
811,62,1,0.05,6880.13,5595.68
811,75,2,0.2,3132.72,2420.05
812,26,1,0,56726.38,47501.32
812,39,1,0.05,40056.63,33032.66
812,46,1,0.15,22745.35,18876.27
813,57,1,0.15,10919.01,8449.42
813,83,2,0,1338.95,1016.05
813,101,1,0.2,1459.15,1135.82
814,7,1,0.05,43638.93,36859.8
814,17,1,0,6774.4,5453
814,96,1,0,943.63,713.86
814,120,4,0.05,1861.62,1512.43
815,17,1,0.15,6774.4,5453
815,78,1,0.05,18441.07,15373.23
816,24,1,0.2,23132.89,17177.19
817,31,2,0.15,35560.46,30062.84
817,103,1,0.15,642.13,517.28
818,92,2,0.05,1964.69,1465.53
819,17,1,0.05,6774.4,5453
819,32,1,0.05,31328.71,25759.55
819,57,1,0.2,10919.01,8449.42
820,18,1,0,25982.69,22325.13
820,21,2,0,10769.33,8068.73
820,45,2,0,12288.95,9920.28
820,73,3,0.1,2594.94,1956.68
820,88,2,0.15,8530.57,7164.7
821,19,1,0.2,15032.26,12417.54
822,39,1,0.084130435,40056.63,33032.66
823,6,1,0.2,34593.4,28061.7
823,70,1,0,3986.1,3200.76
824,20,1,0,17899.64,15367.23
824,58,1,0.05,4545.08,3591.57
824,73,2,0.15,2594.94,1956.68
824,109,1,0.1,525.46,445.88
824,120,1,0.2,1861.62,1512.43
825,95,3,0.05,810.49,602.59
826,75,1,0,3132.72,2420.05
826,96,1,0,943.63,713.86
826,101,1,0,1459.15,1135.82
827,51,2,0,15493.11,12939.08
828,84,2,0,4099.96,3057.64
829,30,1,0.1,43457.18,35913.46
829,43,1,0,10452.57,7798.28
829,64,2,0.05,8286.71,6362.4
829,89,2,0.15,5504.56,4448.14
829,111,3,0.084130435,1247.24,976.36
830,51,2,0.05,15493.11,12939.08
830,57,2,0,10919.01,8449.42
830,108,1,0.05,1810.57,1441.58
831,42,1,0,41592.8,33329.48
832,15,1,0.084130435,8716.42,7172.96
832,16,1,0.084130435,10389.79,8227.78
832,32,1,0,31328.71,25759.55
832,96,4,0,943.63,713.86
832,103,2,0,642.13,517.28
833,17,1,0.05,6774.4,5453
833,18,1,0.15,25982.69,22325.13
833,105,1,0.25,369.29,293.25
834,29,1,0.2,32511.15,25921.35
834,55,1,0.084130435,6831.22,5452.4
834,64,1,0.05,8286.71,6362.4
834,73,1,0.05,2594.94,1956.68
835,49,1,0.15,8760.67,7484.66
835,64,1,0.15,8286.71,6362.4
836,30,1,0.05,43457.18,35913.46
836,66,1,0,15460.09,12005.8
836,71,1,0,3616.71,2805.57
837,76,3,0.2,3430.15,2769.65
837,78,2,0,18441.07,15373.23
837,114,2,0.1,3218.92,2763.17
838,60,1,0.05,15649.8,12875.64
838,119,4,0,1955.14,1590.52
839,66,2,0.25,15460.09,12005.8
840,45,1,0.15,12288.95,9920.28
841,24,1,0.05,23132.89,17177.19
841,70,1,0.15,3986.1,3200.76
842,38,1,0,24245.73,18469.45
842,76,1,0.1,3430.15,2769.65
842,119,3,0,1955.14,1590.52
843,34,1,0.1,28176.66,22798.3
843,73,1,0,2594.94,1956.68
844,17,1,0.15,6774.4,5453
844,105,1,0.1,369.29,293.25
844,112,2,0.25,1086.02,808.75
845,10,1,0.15,28984.82,24375.23
845,46,1,0.05,22745.35,18876.27
845,61,1,0.2,6122.69,4930.93
845,116,5,0,2142.99,1643.31
846,60,2,0,15649.8,12875.64
847,24,2,0.084130435,23132.89,17177.19
847,96,1,0.15,943.63,713.86
847,113,3,0.05,1569.91,1277.81
848,47,1,0.05,33711.86,28748.63
848,55,1,0.1,6831.22,5452.4
849,24,1,0.1,23132.89,17177.19
849,49,2,0.05,8760.67,7484.66
849,100,1,0.084130435,3280.7,2734.71
850,88,1,0,8530.57,7164.7
851,4,2,0,19059.59,16284.04
851,11,2,0.1,37366.11,29328.87
851,19,1,0,15032.26,12417.54
852,41,1,0,23315.37,18692.16
852,43,1,0.05,10452.57,7798.28
852,46,1,0.1,22745.35,18876.27
852,105,1,0.084130435,369.29,293.25
853,30,1,0.1,43457.18,35913.46
853,44,43,0.15,33553.11,26819.15
853,47,1,0,33711.86,28748.63
853,76,1,0.084130435,3430.15,2769.65
853,113,1,0.084130435,1569.91,1277.81
854,35,2,0.05,40351.44,30761.63
854,39,1,0,40056.63,33032.66
855,43,1,0,10452.57,7798.28
855,64,1,0.1,8286.71,6362.4
856,51,61,0.1,15493.11,12939.08
856,67,1,0,5963.33,4499.54
856,96,2,0.15,943.63,713.86
857,5,1,0.2,23034.18,18268.86
857,77,2,0,3869,3051.47
857,83,1,0.05,1338.95,1016.05
858,96,1,0.1,943.63,713.86
858,111,1,0.2,1247.24,976.36
858,120,1,0.084130435,1861.62,1512.43
859,72,2,0,2022.18,1691.08
860,4,1,0.15,19059.59,16284.04
860,5,1,0,23034.18,18268.86
860,24,63,0.05,23132.89,17177.19
860,89,2,0.1,5504.56,4448.14
860,100,1,0.1,3280.7,2734.71
861,47,1,0.25,33711.86,28748.63
861,57,1,0,10919.01,8449.42
862,40,48,0,46147.36,36854.06
862,67,1,0.25,5963.33,4499.54
862,105,3,0.05,369.29,293.25
863,11,2,0.1,37366.11,29328.87
863,81,1,0.15,5167.83,3948.66
864,5,1,0,23034.18,18268.86
864,74,2,0,2983.21,2320.79
864,101,1,0,1459.15,1135.82
865,24,1,0.1,23132.89,17177.19
865,41,1,0,23315.37,18692.16
866,5,1,0.2,23034.18,18268.86
866,46,1,0,22745.35,18876.27
866,70,2,0.2,3986.1,3200.76
867,81,1,0.05,5167.83,3948.66
868,10,2,0.2,28984.82,24375.23
868,17,1,0.15,6774.4,5453
868,101,1,0.15,1459.15,1135.82
869,49,1,0.15,8760.67,7484.66
869,52,1,0.05,8639.23,6791.57
869,55,2,0,6831.22,5452.4
869,95,3,0.1,810.49,602.59
870,53,1,0.15,10777.52,8220.29
871,8,1,0.1,54416.24,46147.25
871,24,1,0.05,23132.89,17177.19
871,39,1,0.15,40056.63,33032.66
871,63,2,0,11424.44,8683.37
871,103,1,0,642.13,517.28
872,51,1,0.1,15493.11,12939.08
873,17,1,0.15,6774.4,5453
873,19,1,0.084130435,15032.26,12417.54
873,49,1,0,8760.67,7484.66
874,22,1,0,36600.48,29953.6
874,47,1,0.084130435,33711.86,28748.63
874,58,2,0.05,4545.08,3591.57
874,65,1,0.2,9653.18,7226.05
875,13,2,0.15,67300.5,50244.66
875,70,3,0.15,3986.1,3200.76
876,51,1,0.1,15493.11,12939.08
876,67,1,0.2,5963.33,4499.54
876,103,1,0,642.13,517.28
876,115,1,0,1119.73,946.62
877,44,1,0,33553.11,26819.15
877,51,1,0.1,15493.11,12939.08
877,57,1,0.05,10919.01,8449.42
877,120,3,0,1861.62,1512.43
878,64,1,0,8286.71,6362.4
879,4,1,0,19059.59,16284.04
879,17,2,0.05,6774.4,5453
880,17,1,0.2,6774.4,5453
880,67,1,0,5963.33,4499.54
881,26,1,0.15,56726.38,47501.32
881,32,1,0.2,31328.71,25759.55
881,47,1,0.1,33711.86,28748.63
881,74,2,0.05,2983.21,2320.79
882,17,1,0.05,6774.4,5453
882,50,2,0.2,14093.3,10657.04
882,77,3,0,3869,3051.47
882,81,3,0.05,5167.83,3948.66
883,30,1,0,43457.18,35913.46
883,32,1,0.1,31328.71,25759.55
883,99,1,0,4558.37,3844.16
883,120,1,0,1861.62,1512.43
884,83,2,0.25,1338.95,1016.05
884,105,1,0.1,369.29,293.25
885,2,2,0,10411.61,8926.22
885,30,1,0,43457.18,35913.46
885,84,1,0.05,4099.96,3057.64
885,112,1,0.15,1086.02,808.75
886,113,1,0.25,1569.91,1277.81
887,22,2,0,36600.48,29953.6
887,64,1,0,8286.71,6362.4
887,120,1,0.05,1861.62,1512.43
888,88,1,0.1,8530.57,7164.7
889,34,1,0.1,28176.66,22798.3
889,110,1,0.1,1359.5,1110.25
890,30,1,0.15,43457.18,35913.46
890,39,2,0.2,40056.63,33032.66
891,47,1,0,33711.86,28748.63
891,51,1,0.05,15493.11,12939.08
892,50,1,0.1,14093.3,10657.04
892,95,4,0,810.49,602.59
893,64,1,0.05,8286.71,6362.4
893,95,1,0.2,810.49,602.59
894,54,1,0.1,17754.88,14616.31
894,106,3,0.1,254.07,201.91
895,46,27,0.15,22745.35,18876.27
896,44,1,0.2,33553.11,26819.15
896,45,1,0.1,12288.95,9920.28
897,47,1,0.1,33711.86,28748.63
898,11,1,0.15,37366.11,29328.87
899,22,1,0.1,36600.48,29953.6
899,101,2,0.2,1459.15,1135.82
900,33,1,0.2,20799.96,17519.04
900,46,1,0.1,22745.35,18876.27
900,51,1,0,15493.11,12939.08
901,10,1,0.05,28984.82,24375.23
901,22,1,0.15,36600.48,29953.6
901,42,2,0,41592.8,33329.48
902,105,3,0.1,369.29,293.25
903,77,1,0.05,3869,3051.47
903,101,4,0.15,1459.15,1135.82
904,42,2,0,41592.8,33329.48
904,60,1,0.084130435,15649.8,12875.64
904,62,1,0.1,6880.13,5595.68
905,47,2,0.05,33711.86,28748.63
905,51,1,0.1,15493.11,12939.08
905,78,3,0.25,18441.07,15373.23
906,16,2,0.25,10389.79,8227.78
906,29,1,0,32511.15,25921.35
907,20,2,0,17899.64,15367.23
908,57,1,0.1,10919.01,8449.42
908,101,1,0.2,1459.15,1135.82
909,34,1,0,28176.66,22798.3
909,78,1,0.05,18441.07,15373.23
910,34,1,0.15,28176.66,22798.3
911,51,1,0,15493.11,12939.08
911,70,1,0.084130435,3986.1,3200.76
911,101,1,0.05,1459.15,1135.82
912,14,1,0.05,81785.8,67687.25
912,27,1,0.05,34727.99,30069.8
912,84,1,0.1,4099.96,3057.64
913,25,1,0.05,25300.08,21052.74
913,61,1,0.2,6122.69,4930.93
914,6,1,0,34593.4,28061.7
914,57,2,0.2,10919.01,8449.42
914,64,1,0.05,8286.71,6362.4
914,87,1,0,30887.67,24562.15
915,18,2,0,25982.69,22325.13
915,40,1,0,46147.36,36854.06
915,83,2,0.05,1338.95,1016.05
916,12,39,0.05,50160.12,38153.08
916,29,1,0,32511.15,25921.35
917,4,1,0.05,19059.59,16284.04
917,58,1,0.2,4545.08,3591.57
917,70,3,0.05,3986.1,3200.76
918,57,1,0.1,10919.01,8449.42
919,11,1,0.15,37366.11,29328.87
920,34,1,0.05,28176.66,22798.3
921,58,1,0,4545.08,3591.57
921,101,2,0.05,1459.15,1135.82
921,107,3,0.084130435,1478.47,1285.3
922,87,1,0.084130435,30887.67,24562.15
922,105,1,0,369.29,293.25
923,30,1,0.25,43457.18,35913.46
923,51,1,0,15493.11,12939.08
924,13,1,0.1,67300.5,50244.66
924,47,1,0.1,33711.86,28748.63
924,49,1,0,8760.67,7484.66
924,67,1,0,5963.33,4499.54
924,70,1,0,3986.1,3200.76
925,22,2,0.2,36600.48,29953.6
926,5,1,0,23034.18,18268.86
926,26,1,0.15,56726.38,47501.32
926,29,1,0.1,32511.15,25921.35
926,40,2,0,46147.36,36854.06
927,32,1,0.05,31328.71,25759.55
928,114,1,0.25,3218.92,2763.17
929,29,1,0.084130435,32511.15,25921.35
929,41,1,0.05,23315.37,18692.16
929,92,1,0.1,1964.69,1465.53
930,57,1,0.1,10919.01,8449.42
930,88,3,0,8530.57,7164.7
931,18,1,0.05,25982.69,22325.13
932,18,1,0.15,25982.69,22325.13
932,47,1,0,33711.86,28748.63
933,30,1,0.05,43457.18,35913.46
933,55,1,0,6831.22,5452.4
933,78,1,0.15,18441.07,15373.23
933,120,1,0,1861.62,1512.43
934,42,1,0.05,41592.8,33329.48
934,75,2,0.084130435,3132.72,2420.05
934,83,1,0.25,1338.95,1016.05
935,17,1,0.2,6774.4,5453
936,36,1,0,46415.07,39576.59
936,40,1,0.1,46147.36,36854.06
936,75,1,0.05,3132.72,2420.05
937,7,2,0,43638.93,36859.8
937,113,2,0.1,1569.91,1277.81
938,64,1,0.2,8286.71,6362.4
938,103,1,0.15,642.13,517.28
939,112,3,0.05,1086.02,808.75
940,7,2,0.05,43638.93,36859.8
941,5,1,0.05,23034.18,18268.86
942,10,2,0.1,28984.82,24375.23
942,17,1,0.1,6774.4,5453
942,27,1,0.15,34727.99,30069.8
943,4,1,0.084130435,19059.59,16284.04
944,42,2,0,41592.8,33329.48
944,64,2,0,8286.71,6362.4
944,75,2,0,3132.72,2420.05
945,15,1,0,8716.42,7172.96
945,40,1,0.05,46147.36,36854.06
946,6,1,0.15,34593.4,28061.7
947,79,1,0,1152.51,894.74
947,81,3,0.05,5167.83,3948.66
947,87,1,0.15,30887.67,24562.15
948,4,1,0.1,19059.59,16284.04
948,18,1,0.2,25982.69,22325.13
949,43,1,0.1,10452.57,7798.28
949,70,1,0,3986.1,3200.76
949,89,3,0.2,5504.56,4448.14
949,94,4,0.15,1307.79,1131.43
949,110,2,0.1,1359.5,1110.25
950,58,1,0.1,4545.08,3591.57
951,6,1,0.1,34593.4,28061.7
951,19,1,0,15032.26,12417.54
951,72,1,0,2022.18,1691.08
951,101,4,0.05,1459.15,1135.82
952,71,1,0.05,3616.71,2805.57
952,74,1,0.05,2983.21,2320.79
952,77,1,0.2,3869,3051.47
953,105,4,0.05,369.29,293.25
954,95,1,0.15,810.49,602.59
954,105,1,0.084130435,369.29,293.25
954,112,1,0.1,1086.02,808.75
955,39,1,0.084130435,40056.63,33032.66
955,41,1,0.2,23315.37,18692.16
955,102,2,0.1,762.95,613.79
956,64,1,0.05,8286.71,6362.4
956,67,1,0,5963.33,4499.54
956,88,2,0,8530.57,7164.7
957,40,1,0.1,46147.36,36854.06
957,64,1,0.15,8286.71,6362.4
957,74,2,0.05,2983.21,2320.79
957,84,2,0,4099.96,3057.64
958,67,1,0.1,5963.33,4499.54
958,100,1,0.05,3280.7,2734.71
958,113,1,0,1569.91,1277.81
959,21,1,0.2,10769.33,8068.73
959,120,5,0.1,1861.62,1512.43
960,49,1,0.1,8760.67,7484.66
960,87,2,0.05,30887.67,24562.15
961,34,1,0,28176.66,22798.3
961,57,1,0,10919.01,8449.42
961,66,1,0,15460.09,12005.8
962,6,2,0.05,34593.4,28061.7
962,99,2,0,4558.37,3844.16
963,38,1,0.084130435,24245.73,18469.45
963,45,1,0.05,12288.95,9920.28
963,58,1,0.05,4545.08,3591.57
963,64,2,0.05,8286.71,6362.4
964,16,2,0,10389.79,8227.78
964,26,2,0.1,56726.38,47501.32
964,84,1,0.05,4099.96,3057.64
964,88,1,0.1,8530.57,7164.7
964,101,1,0,1459.15,1135.82
965,63,1,0.084130435,11424.44,8683.37
965,100,1,0.05,3280.7,2734.71
966,29,2,0.2,32511.15,25921.35
966,103,1,0,642.13,517.28
967,46,1,0,22745.35,18876.27
967,52,1,0.1,8639.23,6791.57
967,57,2,0.15,10919.01,8449.42
967,94,1,0.1,1307.79,1131.43
968,44,1,0.15,33553.11,26819.15
968,88,2,0,8530.57,7164.7
969,40,1,0.1,46147.36,36854.06
969,41,1,0,23315.37,18692.16
969,54,1,0.25,17754.88,14616.31
969,89,1,0,5504.56,4448.14
970,56,1,0.2,14281.19,10925.54
970,82,1,0,6597.27,5199.67
971,44,1,0,33553.11,26819.15
971,65,1,0,9653.18,7226.05
971,113,3,0.05,1569.91,1277.81
972,99,1,0.15,4558.37,3844.16
973,59,1,0.05,10639.98,8184.85
973,113,2,0.05,1569.91,1277.81
974,70,3,0.2,3986.1,3200.76
974,120,4,0.05,1861.62,1512.43
975,46,2,0,22745.35,18876.27
975,75,50,0.05,3132.72,2420.05
975,108,2,0.15,1810.57,1441.58
976,88,1,0,8530.57,7164.7
977,40,1,0.05,46147.36,36854.06
977,64,1,0,8286.71,6362.4
977,76,3,0.1,3430.15,2769.65
977,94,2,0.1,1307.79,1131.43
978,42,1,0,41592.8,33329.48
978,47,1,0,33711.86,28748.63
978,62,1,0.2,6880.13,5595.68
978,64,1,0.1,8286.71,6362.4
979,46,2,0.084130435,22745.35,18876.27
980,92,1,0.25,1964.69,1465.53
981,100,45,0,3280.7,2734.71
982,32,1,0,31328.71,25759.55
982,34,1,0,28176.66,22798.3
982,103,1,0.15,642.13,517.28
983,4,1,0.15,19059.59,16284.04
983,49,1,0.15,8760.67,7484.66
983,64,1,0,8286.71,6362.4
984,1,2,0,7820.51,6378.81
984,99,3,0,4558.37,3844.16
984,114,5,0.15,3218.92,2763.17
985,88,2,0.1,8530.57,7164.7
985,116,5,0.05,2142.99,1643.31
986,54,1,0.1,17754.88,14616.31
986,70,3,0,3986.1,3200.76
987,66,1,0,15460.09,12005.8
987,95,4,0,810.49,602.59
987,109,1,0.1,525.46,445.88
988,17,2,0.2,6774.4,5453
988,101,2,0,1459.15,1135.82
988,110,1,0.1,1359.5,1110.25
989,45,1,0,12288.95,9920.28
989,47,1,0.2,33711.86,28748.63
989,54,1,0.05,17754.88,14616.31
989,88,1,0.05,8530.57,7164.7
989,107,2,0.15,1478.47,1285.3
991,57,1,0.05,10919.01,8449.42
991,110,1,0.05,1359.5,1110.25
992,7,1,0.05,43638.93,36859.8
992,73,2,0.05,2594.94,1956.68
993,22,1,0.1,36600.48,29953.6
993,30,1,0,43457.18,35913.46
994,73,1,0,2594.94,1956.68
994,78,2,0,18441.07,15373.23
995,18,1,0.1,25982.69,22325.13
995,34,1,0.15,28176.66,22798.3
995,38,1,0,24245.73,18469.45
996,5,1,0.15,23034.18,18268.86
996,12,1,0.1,50160.12,38153.08
996,47,54,0.05,33711.86,28748.63
996,61,2,0.084130435,6122.69,4930.93
997,28,1,0.1,24863.02,18580.35
998,61,1,0.2,6122.69,4930.93
999,105,1,0.05,369.29,293.25
999,109,5,0.084130435,525.46,445.88
1000,18,1,0,25982.69,22325.13
1000,30,1,0.15,43457.18,35913.46
1000,88,2,0,8530.57,7164.7
1001,44,1,0.15,33553.11,26819.15
1001,64,1,0.084130435,8286.71,6362.4
1002,87,1,0.2,30887.67,24562.15
1003,72,1,0.084130435,2022.18,1691.08
1004,26,1,0.05,56726.38,47501.32
1004,41,1,0.1,23315.37,18692.16
1004,89,3,0.05,5504.56,4448.14
1004,113,4,0.1,1569.91,1277.81
1005,119,1,0.05,1955.14,1590.52
1006,61,1,0.25,6122.69,4930.93
1006,77,3,0.15,3869,3051.47
1007,89,2,0.2,5504.56,4448.14
1007,105,1,0.05,369.29,293.25
1008,24,1,0,23132.89,17177.19
1008,106,1,0.15,254.07,201.91
1009,103,2,0.1,642.13,517.28
1010,24,1,0.1,23132.89,17177.19
1010,47,1,0.15,33711.86,28748.63
1010,101,1,0.1,1459.15,1135.82
1011,95,1,0,810.49,602.59
1012,11,1,0,37366.11,29328.87
1012,30,1,0.1,43457.18,35913.46
1012,81,1,0.084130435,5167.83,3948.66
1012,105,1,0.2,369.29,293.25
1013,106,1,0.084130435,254.07,201.91
1013,110,2,0.2,1359.5,1110.25
1014,29,1,0,32511.15,25921.35
1015,5,1,0.05,23034.18,18268.86
1015,52,1,0,8639.23,6791.57
1015,56,1,0.05,14281.19,10925.54
1016,29,1,0,32511.15,25921.35
1016,60,1,0.15,15649.8,12875.64
1017,11,1,0.1,37366.11,29328.87
1017,70,1,0.2,3986.1,3200.76
1018,64,1,0.2,8286.71,6362.4
1018,66,1,0,15460.09,12005.8
1019,101,1,0.15,1459.15,1135.82
1020,24,1,0.15,23132.89,17177.19
1020,82,1,0,6597.27,5199.67
1020,101,1,0,1459.15,1135.82
1021,15,1,0.05,8716.42,7172.96
1021,22,2,0.15,36600.48,29953.6
1021,30,1,0.1,43457.18,35913.46
1021,44,1,0,33553.11,26819.15
1021,84,1,0,4099.96,3057.64
1022,30,1,0.1,43457.18,35913.46
1022,45,1,0.15,12288.95,9920.28
1022,103,3,0.1,642.13,517.28
1023,56,2,0.2,14281.19,10925.54
1023,99,2,0.05,4558.37,3844.16
1023,115,2,0.1,1119.73,946.62
1024,26,1,0,56726.38,47501.32
1024,99,2,0.15,4558.37,3844.16
1024,107,5,0.2,1478.47,1285.3
1024,111,1,0,1247.24,976.36
1025,109,2,0,525.46,445.88
1026,24,1,0.05,23132.89,17177.19
1027,7,1,0.05,43638.93,36859.8
1027,42,1,0.25,41592.8,33329.48
1027,57,1,0.1,10919.01,8449.42
1028,27,1,0.05,34727.99,30069.8
1028,58,1,0.1,4545.08,3591.57
1028,64,1,0.1,8286.71,6362.4
1028,88,1,0,8530.57,7164.7
1028,112,1,0.1,1086.02,808.75
1029,73,1,0.05,2594.94,1956.68
1030,46,1,0.05,22745.35,18876.27
1030,59,72,0.1,10639.98,8184.85
1030,84,1,0.084130435,4099.96,3057.64
1031,15,1,0.2,8716.42,7172.96
1031,107,5,0.2,1478.47,1285.3
1032,43,1,0.1,10452.57,7798.28
1032,47,1,0,33711.86,28748.63
1032,101,3,0,1459.15,1135.82
1033,42,1,0.05,41592.8,33329.48
1034,16,1,0.084130435,10389.79,8227.78
1034,40,1,0,46147.36,36854.06
1035,17,1,0.15,6774.4,5453
1035,73,3,0,2594.94,1956.68
1035,88,2,0.1,8530.57,7164.7
1035,113,1,0.1,1569.91,1277.81
1036,60,1,0.084130435,15649.8,12875.64
1036,79,1,0.05,1152.51,894.74
1037,46,1,0.15,22745.35,18876.27
1037,57,1,0,10919.01,8449.42
1037,101,1,0.05,1459.15,1135.82
1038,28,2,0.15,24863.02,18580.35
1038,88,1,0.1,8530.57,7164.7
1039,24,1,0.15,23132.89,17177.19
1039,42,1,0.05,41592.8,33329.48
1039,47,1,0,33711.86,28748.63
1039,57,1,0,10919.01,8449.42
1039,95,1,0,810.49,602.59
1040,22,2,0.15,36600.48,29953.6
1040,92,1,0.1,1964.69,1465.53
1041,25,1,0.2,25300.08,21052.74
1042,15,2,0.2,8716.42,7172.96
1043,24,2,0,23132.89,17177.19
1043,50,1,0,14093.3,10657.04
1043,78,1,0.084130435,18441.07,15373.23
1043,85,1,0.1,11775.25,8823.61
1043,113,3,0.05,1569.91,1277.81
1044,16,1,0,10389.79,8227.78
1044,24,1,0.1,23132.89,17177.19
1044,34,1,0,28176.66,22798.3
1044,76,1,0.1,3430.15,2769.65
1044,81,3,0,5167.83,3948.66
1045,60,1,0,15649.8,12875.64
1045,67,1,0.1,5963.33,4499.54
1045,95,1,0,810.49,602.59
1046,24,1,0,23132.89,17177.19
1046,64,1,0.15,8286.71,6362.4
1046,113,2,0,1569.91,1277.81
1047,7,1,0.05,43638.93,36859.8
1047,38,1,0.15,24245.73,18469.45
1047,88,2,0.05,8530.57,7164.7
1048,20,2,0,17899.64,15367.23
1048,46,1,0.05,22745.35,18876.27
1048,66,1,0,15460.09,12005.8
1049,39,1,0.1,40056.63,33032.66
1050,34,1,0.05,28176.66,22798.3
1050,35,1,0.05,40351.44,30761.63
1050,45,1,0,12288.95,9920.28
1050,51,2,0.25,15493.11,12939.08
1051,88,1,0.15,8530.57,7164.7
1052,27,1,0.05,34727.99,30069.8
1052,84,1,0.1,4099.96,3057.64
1052,95,1,0,810.49,602.59
1052,97,1,0.2,686.28,534.14
1053,29,1,0.15,32511.15,25921.35
1053,30,1,0,43457.18,35913.46
1053,55,1,0.05,6831.22,5452.4
1053,57,1,0.15,10919.01,8449.42
1054,18,1,0,25982.69,22325.13
1054,100,3,0.05,3280.7,2734.71
1054,117,1,0,941.78,718.08
1055,95,3,0.1,810.49,602.59
1056,5,1,0,23034.18,18268.86
1056,78,1,0.1,18441.07,15373.23
1057,103,2,0,642.13,517.28
1058,78,1,0.084130435,18441.07,15373.23
1058,96,4,0.05,943.63,713.86
1059,16,1,0.15,10389.79,8227.78
1060,24,1,0.25,23132.89,17177.19
1060,28,1,0.2,24863.02,18580.35
1060,30,2,0.2,43457.18,35913.46
1060,120,1,0.1,1861.62,1512.43
1061,24,69,0.05,23132.89,17177.19
1061,41,1,0.25,23315.37,18692.16
1061,92,3,0.05,1964.69,1465.53
1062,46,1,0.05,22745.35,18876.27
1062,72,2,0.2,2022.18,1691.08
1063,61,1,0,6122.69,4930.93
1063,92,2,0,1964.69,1465.53
1064,30,1,0,43457.18,35913.46
1065,32,2,0.084130435,31328.71,25759.55
1065,58,1,0.2,4545.08,3591.57
1065,64,1,0,8286.71,6362.4
1066,17,2,0.15,6774.4,5453
1066,64,1,0,8286.71,6362.4
1066,77,2,0.25,3869,3051.47
1067,30,1,0.05,43457.18,35913.46
1067,81,1,0.15,5167.83,3948.66
1067,94,2,0.15,1307.79,1131.43
1067,101,2,0.05,1459.15,1135.82
1067,115,3,0,1119.73,946.62
1068,54,1,0.084130435,17754.88,14616.31
1068,61,2,0.084130435,6122.69,4930.93
1068,92,4,0.084130435,1964.69,1465.53
1069,4,2,0.25,19059.59,16284.04
1069,30,1,0.05,43457.18,35913.46
1069,88,3,0.05,8530.57,7164.7
1069,99,2,0.1,4558.37,3844.16
1069,107,1,0.15,1478.47,1285.3
1070,10,1,0,28984.82,24375.23
1070,64,2,0.1,8286.71,6362.4
1070,74,3,0.05,2983.21,2320.79
1070,119,1,0.1,1955.14,1590.52
1071,99,1,0,4558.37,3844.16
1071,112,3,0,1086.02,808.75
1072,22,1,0,36600.48,29953.6
1072,32,1,0.05,31328.71,25759.55
1072,34,1,0.15,28176.66,22798.3
1072,58,1,0.05,4545.08,3591.57
1072,110,1,0.084130435,1359.5,1110.25
1073,113,1,0.1,1569.91,1277.81
1074,24,1,0,23132.89,17177.19
1074,35,1,0.1,40351.44,30761.63
1074,99,3,0.15,4558.37,3844.16
1074,107,3,0,1478.47,1285.3
1075,101,1,0,1459.15,1135.82
1076,19,1,0,15032.26,12417.54
1076,44,1,0.15,33553.11,26819.15
1076,111,4,0,1247.24,976.36
1077,17,1,0.1,6774.4,5453
1077,70,1,0,3986.1,3200.76
1077,113,4,0.1,1569.91,1277.81
1078,14,2,0.15,81785.8,67687.25
1078,50,1,0,14093.3,10657.04
1078,101,1,0.05,1459.15,1135.82
1078,120,1,0.05,1861.62,1512.43
1079,77,1,0,3869,3051.47
1079,88,1,0.084130435,8530.57,7164.7
1079,105,2,0,369.29,293.25
1079,113,1,0.1,1569.91,1277.81
1080,50,1,0.05,14093.3,10657.04
1080,57,1,0,10919.01,8449.42
1081,42,1,0.15,41592.8,33329.48
1082,29,1,0.1,32511.15,25921.35
1082,76,2,0.1,3430.15,2769.65
1083,57,1,0.15,10919.01,8449.42
1084,16,1,0.25,10389.79,8227.78
1084,18,1,0,25982.69,22325.13
1084,88,3,0,8530.57,7164.7
1085,55,2,0.1,6831.22,5452.4
1085,101,1,0.1,1459.15,1135.82
1086,39,1,0,40056.63,33032.66
1086,64,1,0.15,8286.71,6362.4
1086,105,1,0.084130435,369.29,293.25
1086,109,1,0.15,525.46,445.88
1087,17,2,0.05,6774.4,5453
1087,103,1,0.05,642.13,517.28
1087,108,1,0,1810.57,1441.58
1088,6,1,0.1,34593.4,28061.7
1088,54,1,0.2,17754.88,14616.31
1088,70,2,0.15,3986.1,3200.76
1088,105,3,0.2,369.29,293.25
1089,4,1,0,19059.59,16284.04
1090,15,72,0.2,8716.42,7172.96
1090,23,1,0.2,23449.3,19546.85
1090,31,1,0.15,35560.46,30062.84
1091,3,1,0.1,14825.71,12218.97
1091,75,3,0.1,3132.72,2420.05
1091,77,1,0.2,3869,3051.47
1091,108,5,0.2,1810.57,1441.58
1092,15,1,0,8716.42,7172.96
1092,111,2,0.15,1247.24,976.36
1093,1,2,0.05,7820.51,6378.81
1093,29,1,0.05,32511.15,25921.35
1093,73,2,0.25,2594.94,1956.68
1094,51,1,0,15493.11,12939.08
1094,54,1,0,17754.88,14616.31
1094,58,1,0.05,4545.08,3591.57
1094,94,1,0.1,1307.79,1131.43
1095,78,2,0.1,18441.07,15373.23
1096,99,1,0.05,4558.37,3844.16
1096,108,2,0.05,1810.57,1441.58
1096,113,5,0,1569.91,1277.81
1097,10,1,0.1,28984.82,24375.23
1097,120,80,0.05,1861.62,1512.43
1098,6,1,0.15,34593.4,28061.7
1099,47,1,0,33711.86,28748.63
1099,89,1,0.05,5504.56,4448.14
1100,101,3,0.084130435,1459.15,1135.82
1101,67,1,0,5963.33,4499.54
1102,21,2,0.1,10769.33,8068.73
1103,29,1,0,32511.15,25921.35
1103,31,1,0,35560.46,30062.84
1103,41,1,0,23315.37,18692.16
1103,82,1,0.15,6597.27,5199.67
1103,120,2,0.05,1861.62,1512.43
1104,15,2,0.15,8716.42,7172.96
1104,72,1,0,2022.18,1691.08
1104,89,1,0.15,5504.56,4448.14
1105,57,1,0.1,10919.01,8449.42
1105,70,1,0,3986.1,3200.76
1105,78,2,0.1,18441.07,15373.23
1105,101,1,0,1459.15,1135.82
1105,120,2,0,1861.62,1512.43
1106,53,1,0.1,10777.52,8220.29
1106,112,3,0.15,1086.02,808.75
1107,58,1,0.2,4545.08,3591.57
1107,103,1,0,642.13,517.28
1108,9,1,0,52332.04,44905.39
1108,96,1,0.2,943.63,713.86
1109,64,1,0.2,8286.71,6362.4
1109,101,2,0.05,1459.15,1135.82
1110,17,1,0.05,6774.4,5453
1111,52,1,0.084130435,8639.23,6791.57
1111,57,1,0.1,10919.01,8449.42
1111,58,1,0.15,4545.08,3591.57
1112,48,1,0.15,31451.42,24168.17
1113,54,1,0.15,17754.88,14616.31
1113,78,1,0.1,18441.07,15373.23
1114,18,1,0.2,25982.69,22325.13
1114,36,1,0.15,46415.07,39576.59
1114,73,1,0.2,2594.94,1956.68
1115,24,1,0.1,23132.89,17177.19
1116,22,1,0.05,36600.48,29953.6
1117,19,1,0.1,15032.26,12417.54
1117,21,2,0.15,10769.33,8068.73
1117,25,2,0.05,25300.08,21052.74
1117,95,1,0.1,810.49,602.59
1118,39,1,0.15,40056.63,33032.66
1118,73,1,0,2594.94,1956.68
1119,117,1,0,941.78,718.08
1120,24,1,0.05,23132.89,17177.19
1120,32,1,0,31328.71,25759.55
1120,63,1,0.05,11424.44,8683.37
1120,83,3,0.05,1338.95,1016.05
1121,63,1,0.05,11424.44,8683.37
1122,32,2,0,31328.71,25759.55
1122,39,1,0.15,40056.63,33032.66
1122,117,3,0,941.78,718.08
1123,4,2,0.15,19059.59,16284.04
1123,7,1,0.2,43638.93,36859.8
1123,47,1,0.1,33711.86,28748.63
1123,113,3,0.1,1569.91,1277.81
1124,38,1,0.25,24245.73,18469.45
1124,46,1,0.05,22745.35,18876.27
1125,13,2,0.05,67300.5,50244.66
1126,73,3,0.05,2594.94,1956.68
1127,47,2,0,33711.86,28748.63
1127,49,1,0.2,8760.67,7484.66
1128,16,1,0,10389.79,8227.78
1129,18,1,0.05,25982.69,22325.13
1129,58,2,0.2,4545.08,3591.57
1129,73,1,0.05,2594.94,1956.68
1130,43,1,0.15,10452.57,7798.28
1131,17,1,0.2,6774.4,5453
1131,100,3,0.2,3280.7,2734.71
1131,110,5,0,1359.5,1110.25
1132,9,2,0,52332.04,44905.39
1132,33,1,0,20799.96,17519.04
1132,38,1,0.1,24245.73,18469.45
1132,114,2,0,3218.92,2763.17
1132,119,2,0,1955.14,1590.52
1133,24,1,0.2,23132.89,17177.19
1133,29,1,0.15,32511.15,25921.35
1133,47,1,0.1,33711.86,28748.63
1134,30,2,0.084130435,43457.18,35913.46
1134,42,1,0.2,41592.8,33329.48
1134,47,1,0,33711.86,28748.63
1135,49,2,0.1,8760.67,7484.66
1135,56,1,0.1,14281.19,10925.54
1136,16,1,0.15,10389.79,8227.78
1136,79,35,0.05,1152.51,894.74
1137,15,2,0.2,8716.42,7172.96
1137,73,1,0.05,2594.94,1956.68
1138,100,1,0.084130435,3280.7,2734.71
1139,70,1,0.2,3986.1,3200.76
1140,21,2,0.2,10769.33,8068.73
1140,52,1,0.15,8639.23,6791.57
1140,57,48,0.15,10919.01,8449.42
1140,120,3,0,1861.62,1512.43
1141,17,2,0.2,6774.4,5453
1141,24,2,0.2,23132.89,17177.19
1142,61,1,0.1,6122.69,4930.93
1143,8,1,0.1,54416.24,46147.25
1143,88,1,0.05,8530.57,7164.7
1144,22,1,0,36600.48,29953.6
1144,33,2,0,20799.96,17519.04
1145,32,1,0.15,31328.71,25759.55
1145,67,1,0,5963.33,4499.54
1145,71,1,0.2,3616.71,2805.57
1146,12,1,0.15,50160.12,38153.08
1146,47,2,0.05,33711.86,28748.63
1146,81,1,0.1,5167.83,3948.66
1146,101,2,0,1459.15,1135.82
1147,12,1,0.05,50160.12,38153.08
1147,15,2,0.05,8716.42,7172.96
1147,19,1,0.1,15032.26,12417.54
1147,101,2,0.05,1459.15,1135.82
1148,81,2,0.2,5167.83,3948.66
1149,32,1,0.05,31328.71,25759.55
1149,119,3,0.05,1955.14,1590.52
1150,88,2,0.05,8530.57,7164.7
1150,114,1,0.05,3218.92,2763.17
1150,120,4,0.2,1861.62,1512.43
1151,5,1,0.1,23034.18,18268.86
1152,119,1,0.05,1955.14,1590.52
1153,43,2,0.15,10452.57,7798.28
1153,58,1,0,4545.08,3591.57
1153,64,1,0.05,8286.71,6362.4
1153,96,1,0.15,943.63,713.86
1154,42,1,0.1,41592.8,33329.48
1155,30,1,0.2,43457.18,35913.46
1155,92,1,0.15,1964.69,1465.53
1156,39,1,0,40056.63,33032.66
1156,73,1,0,2594.94,1956.68
1157,72,1,0.1,2022.18,1691.08
1158,35,1,0.15,40351.44,30761.63
1158,67,1,0,5963.33,4499.54
1159,39,1,0.15,40056.63,33032.66
1159,49,1,0.05,8760.67,7484.66
1159,51,1,0.1,15493.11,12939.08
1159,96,1,0,943.63,713.86
1160,57,1,0.1,10919.01,8449.42
1160,62,1,0.05,6880.13,5595.68
1160,73,2,0.2,2594.94,1956.68
1160,88,2,0.084130435,8530.57,7164.7
1161,6,1,0,34593.4,28061.7
1161,11,2,0,37366.11,29328.87
1161,88,2,0.05,8530.57,7164.7
1161,89,1,0.1,5504.56,4448.14
1161,108,2,0.05,1810.57,1441.58
1162,88,1,0.25,8530.57,7164.7
1162,92,3,0,1964.69,1465.53
1162,109,1,0.05,525.46,445.88
1163,46,1,0.1,22745.35,18876.27
1164,16,2,0,10389.79,8227.78
1164,57,2,0,10919.01,8449.42
1164,88,3,0.05,8530.57,7164.7
1165,7,1,0.2,43638.93,36859.8
1165,29,1,0.2,32511.15,25921.35
1166,35,1,0.05,40351.44,30761.63
1166,67,1,0.2,5963.33,4499.54
1166,73,3,0.25,2594.94,1956.68
1166,101,4,0,1459.15,1135.82
1167,120,2,0.084130435,1861.62,1512.43
1168,39,1,0,40056.63,33032.66
1168,60,1,0.2,15649.8,12875.64
1169,94,2,0.05,1307.79,1131.43
1170,30,1,0.1,43457.18,35913.46
1170,103,2,0,642.13,517.28
1171,24,1,0.1,23132.89,17177.19
1171,26,2,0.15,56726.38,47501.32
1171,54,2,0.05,17754.88,14616.31
1171,76,3,0.1,3430.15,2769.65
1172,18,1,0.2,25982.69,22325.13
1172,89,1,0.05,5504.56,4448.14
1173,18,1,0.1,25982.69,22325.13
1173,105,1,0.05,369.29,293.25
1174,109,2,0.15,525.46,445.88
1174,116,2,0,2142.99,1643.31
1175,58,1,0.15,4545.08,3591.57
1176,28,2,0.05,24863.02,18580.35
1176,43,1,0.1,10452.57,7798.28
1176,44,1,0.15,33553.11,26819.15
1177,27,1,0.15,34727.99,30069.8
1177,54,2,0.25,17754.88,14616.31
1177,108,1,0.2,1810.57,1441.58
1177,113,3,0.2,1569.91,1277.81
1178,45,1,0,12288.95,9920.28
1178,49,1,0,8760.67,7484.66
1178,61,1,0,6122.69,4930.93
1178,64,1,0.1,8286.71,6362.4
1178,113,4,0.05,1569.91,1277.81
1179,15,1,0.15,8716.42,7172.96
1179,27,1,0,34727.99,30069.8
1179,83,1,0,1338.95,1016.05
1179,109,4,0.1,525.46,445.88
1180,54,1,0.15,17754.88,14616.31
1180,115,2,0,1119.73,946.62
1181,11,1,0.25,37366.11,29328.87
1181,51,1,0.15,15493.11,12939.08
1181,96,1,0.2,943.63,713.86
1182,99,1,0.084130435,4558.37,3844.16
1182,118,1,0,1198.74,910.08
1183,21,1,0.1,10769.33,8068.73
1183,50,2,0,14093.3,10657.04
1184,17,1,0.084130435,6774.4,5453
1184,61,1,0.2,6122.69,4930.93
1184,64,1,0,8286.71,6362.4
1184,76,2,0.25,3430.15,2769.65
1185,30,1,0,43457.18,35913.46
1186,57,1,0.05,10919.01,8449.42
1186,81,1,0.2,5167.83,3948.66
1187,26,1,0,56726.38,47501.32
1187,43,1,0.05,10452.57,7798.28
1188,21,1,0.05,10769.33,8068.73
1188,29,2,0.05,32511.15,25921.35
1188,94,2,0.2,1307.79,1131.43
1189,4,1,0.1,19059.59,16284.04
1189,47,1,0.1,33711.86,28748.63
1189,70,1,0.15,3986.1,3200.76
1190,7,1,0.1,43638.93,36859.8
1190,41,1,0.15,23315.37,18692.16
1190,83,1,0.15,1338.95,1016.05
1191,42,1,0.1,41592.8,33329.48
1191,55,1,0,6831.22,5452.4
1191,70,1,0,3986.1,3200.76
1192,36,1,0,46415.07,39576.59
1192,88,3,0.1,8530.57,7164.7
1193,110,33,0.15,1359.5,1110.25
1194,12,1,0.05,50160.12,38153.08
1194,28,1,0.05,24863.02,18580.35
1195,22,1,0.05,36600.48,29953.6
1196,15,2,0,8716.42,7172.96
1196,42,1,0.15,41592.8,33329.48
1196,92,1,0.2,1964.69,1465.53
1197,34,1,0.1,28176.66,22798.3
1197,44,1,0,33553.11,26819.15
1197,94,3,0.15,1307.79,1131.43
1198,65,1,0.084130435,9653.18,7226.05
1198,81,3,0,5167.83,3948.66
1198,107,2,0,1478.47,1285.3
1199,81,1,0,5167.83,3948.66
1200,112,4,0.1,1086.02,808.75
